0, Кафедра химии / физической химии / Кафедра неорганической химии / технологии неорганических веществ, 1.1.1. - Вещественный, 1.1.10. - Биомеханика и биоинженерия, 1.1.9. - Механика жидкости, 1.3.10. - Физика низких температур, 1.3.11. - Физика полупроводников, 1.3.12. - Физика магнитных явлений, 1.3.13. - Электрофизика, 1.3.14. - Теплофизика и теоретическая теплотехника, 1.3.15. - Физика атомных ядер и элементарных частиц, 1.3.16. - Атомная и молекулярная физика, 1.3.17. - Химическая физика, 1.3.18. - Физика пучков заряженных частиц и ускорительная техника, 1.3.19. - Лазерная физика, 1.3.2. - Приборы и методы экспериментальной физики, 1.3.20. - Кристаллография, 1.3.21. - Медицинская физика, 1.3.3. - Теоретическая физика, 1.3.4. - Радиофизика, 1.3.5. - Физическая электроника, 1.3.6. - Оптика, 1.3.8. - Физика конденсированного состояния, 1.3.9. - Физика плазмы, 1.4.1. - Неорганическая химия, 1.4.10. - Коллоидная химия, 1.4.11. - Бионеорганическая химия, 1.4.12. - Нефтехимия, 1.4.13. - Радиохимия, 1.4.14. - Кинетика и катализ, 1.4.15. - Химия твердого тела, 1.4.16. - Медицинская химия, 1.4.2. - Аналитическая химия, 1.4.3. - Органическая химия, 1.4.4. - Физическая химия, 1.4.5. - Хемоинформатика, 1.4.6. - Электрохимия, 1.4.7. - Высокомолекулярные соединения, 1.4.8. - Химия элементоорганических соединений, 1.4.9. - Биоорганическая химия, 1.5.18. - Микология, 1.5.2. - Биофизика, 1.5.24. - Нейробиология, 1.5.3. - Молекулярная биология, 1.5.4. - Биохимия, 1.5.6. - Биотехнология, 1.5.7. - Генетика, 1.5.9. - Ботаника, 1.6.4. - Минералогия, 2.2.1. - Вакуумная и плазменная электроника, 2.2.12. - Приборы, 2.2.14. - Антенны, 2.2.2. - Электронная компонентная база микро- и наноэлектроники, 2.2.3. - Технология и оборудование для производства материалов и приборов электронной техники, 2.2.4. - Приборы и методы измерения (по видам измерений), 2.2.6. - Оптические и оптико-электронные приборы и комплексы, 2.2.8. - Методы и приборы контроля и диагностики материалов, 2.4.4. - Электротехнология и электрофизика, 2.4.6. - Теоретическая и прикладная теплотехника, 2.5.9. - Методы и приборы контроля и диагностики материалов, 2.6.1. - Металловедение и термическая обработка металлов и сплавов, 2.6.10. - Технология органических веществ, 2.6.11. - Технология и переработка синтетических и природных полимеров и композитов, 2.6.12. - Химическая технология топлива и высокоэнергетических веществ, 2.6.13. - Процессы и аппараты химических технологий, 2.6.14. - Технология силикатных и тугоплавких неметаллических материалов, 2.6.15. - Мембраны и мембранная технология, 2.6.16. - Технология производства изделий текстильной и легкой промышленности, 2.6.17. - Материаловедение, 2.6.2. - Металлургия черных, 2.6.3. - Литейное производство, 2.6.4. - Обработка металлов давлением, 2.6.5. - Порошковая металлургия и композиционные материалы, 2.6.6. - Нанотехнологии и наноматериалы, 2.6.7. - Технология неорганических веществ, 2.6.8. - Технология редких, 2.6.9. - Технология электрохимических процессов и защита от коррозии, 3.1.12. - Анестезиология и реаниматология, 3.1.29. - Пульмонология, 3.1.3. - Оториноларингология, 3.1.9. - Хирургия, 3.2.1. - Гигиена, 3.2.4. - Медицина труда, 3.3.4. - Токсикология, 3.3.5. - Судебная медицина, 3.3.6. - Фармакология, 3.4.3. - Организация фармацевтического дела, 4.1.3. - Агрохимия, 5.6.6. - История науки и техники, 5.7.6. - Философия науки и техники, 5.9.5. - Русский язык. Языки народов России
1, Кафедра систем управления / менеджмента / Кафедра системного анализа и управления / системного анализа, 1.1.1. - Вещественный, 1.4.5. - Хемоинформатика, 2.1.4. - Водоснабжение, 2.2.10. - Метрология и метрологическое обеспечение, 2.2.11. - Информационно-измерительные и управляющие системы, 2.2.12. - Приборы, 2.2.15. - Системы, 2.2.4. - Приборы и методы измерения (по видам измерений), 2.2.8. - Методы и приборы контроля и диагностики материалов, 2.3.1. - Системный анализ, 2.3.2. - Вычислительные системы и их элементы, 2.3.3. - Автоматизация и управление технологическими процессами и производствами, 2.3.4. - Управление в организационных системах, 2.3.6. - Методы и системы защиты информации, 2.5.22. - Управление качеством продукции. Стандартизация. Организация производства, 2.5.8. - Сварка, 2.5.9. - Методы и приборы контроля и диагностики материалов, 2.8.10. - Охрана труда, 2.9.1. - Транспортные и транспортно-технологические системы страны, 2.9.4. - Управление процессами перевозок, 2.9.9. - Логистические транспортные системы, 3.1.15. - Сердечно-сосудистая хирургия, 3.1.18. - Внутренние болезни, 3.1.3. - Оториноларингология, 3.1.9. - Хирургия, 3.2.4. - Медицина труда, 3.2.5. - Медицинская психология, 3.2.6. - Безопасность в чрезвычайных ситуациях, 3.3.5. - Судебная медицина, 4.3.3. - Пищевые системы, 5.1.1. - Теоретико-исторические правовые науки, 5.1.2. - Публично-правовые (государственно-правовые) науки, 5.1.4. - Уголовно-правовые науки, 5.12.1. - Междисциплинарные исследования когнитивных процессов, 5.2.2. - Математические, 5.2.3. - Региональная и отраслевая экономика, 5.2.4. - Финансы, 5.2.6. - Менеджмент, 5.2.7. - Государственное и муниципальное управление, 5.3.3. - Психология труда, 5.3.4. - Педагогическая психология, 5.3.5. - Социальная психология, 5.3.8. - Коррекционная психология и дефектология, 5.4.1. - Теория, 5.4.2. - Экономическая социология, 5.4.4. - Социальная структура, 5.4.5. - Политическая социология, 5.4.7. - Социология управления, 5.5.3. - Государственное управление и отраслевые политики, 5.6.2. - Всеобщая история, 5.6.7. - История международных отношений и внешней политики, 5.7.7. - Социальная и политическая философия, 5.8.1. - Общая педагогика, 5.8.2. - Теория и методика обучения и воспитания (по областям и уровням образования), 5.8.3. - Коррекционная педагогика, 5.8.7. - Методология и технология профессионального образования
2, Кафедра Технология / Кафедра прочности машин / Кафедра автоматизации проектирования, 1.1.7. - Теоретическая механика, 1.1.8. - Механика деформируемого твердого тела, 1.2.1. - Искусственный интеллект и машинное обучение, 1.2.2. - Математическое моделирование, 1.2.3. - Теоретическая информатика, 1.2.4. - Кибербезопасность, 1.3.5. - Физическая электроника, 1.3.6. - Оптика, 2.1.7. - Технология и организация строительства, 2.1.9. - Строительная механика, 2.10.3. - Безопасность труда, 2.2.1. - Вакуумная и плазменная электроника, 2.2.13. - Радиотехника, 2.2.14. - Антенны, 2.2.15. - Системы, 2.2.16. - Радиолокация и радионавигация, 2.2.3. - Технология и оборудование для производства материалов и приборов электронной техники, 2.2.4. - Приборы и методы измерения (по видам измерений), 2.2.6. - Оптические и оптико-электронные приборы и комплексы, 2.2.8. - Методы и приборы контроля и диагностики материалов, 2.2.9. - Проектирование и технология приборостроения и радиоэлектронной аппаратуры, 2.3.2. - Вычислительные системы и их элементы, 2.3.3. - Автоматизация и управление технологическими процессами и производствами, 2.3.5. - Математическое и программное обеспечение вычислительных систем, 2.3.7. - Компьютерное моделирование и автоматизация проектирования, 2.3.8. - Информатика и информационные процессы, 2.4.1. - Теоретическая и прикладная электротехника, 2.4.10. - Техносферная безопасность (в энергетике), 2.4.11. - Светотехника, 2.4.2. - Электротехнические комплексы и системы, 2.4.4. - Электротехнология и электрофизика, 2.4.7. - Турбомашины и поршневые двигатели, 2.4.8. - Машины и аппараты, 2.5.1. - Инженерная геометрия и компьютерная графика. Цифровая поддержка жизненного цикла изделий, 2.5.10. - Гидравлические машины, 2.5.11. - Наземные транспортно-технологические средства и комплексы, 2.5.13. - Проектирование, 2.5.14. - Прочность и тепловые режимы летательных аппаратов, 2.5.16. - Динамика, 2.5.17. - Теория корабля и строительная механика, 2.5.2. - Машиноведение, 2.5.20. - Судовые энергетические установки и их элементы (главные и вспомогательные), 2.5.21. - Машины, 2.5.22. - Управление качеством продукции. Стандартизация. Организация производства, 2.5.3. - Трение и износ в машинах, 2.5.4. - Роботы, 2.5.5. - Технология и оборудование механической и физико-технической обработки, 2.5.6. - Технология машиностроения, 2.5.7. - Технологии и машины обработки давлением, 2.5.8. - Сварка, 2.5.9. - Методы и приборы контроля и диагностики материалов, 2.6.14. - Технология силикатных и тугоплавких неметаллических материалов, 2.6.15. - Мембраны и мембранная технология, 2.6.16. - Технология производства изделий текстильной и легкой промышленности, 2.6.17. - Материаловедение, 2.6.4. - Обработка металлов давлением, 2.8.2. - Технология бурения и освоения скважин, 2.9.10. - Техносферная безопасность транспортных систем, 2.9.3. - Подвижной состав железных дорог, 2.9.5. - Эксплуатация автомобильного транспорта, 2.9.6. - Аэронавигация и эксплуатация авиационной техники, 2.9.9. - Логистические транспортные системы, 4.3.1. - Технологии, 4.3.2. - Электротехнологии, 5.3.3. - Психология труда, 5.3.4. - Педагогическая психология, 5.6.6. - История науки и техники, 5.6.8. - Документалистика, 5.7.6. - Философия науки и техники, 5.8.1. - Общая педагогика, 5.8.2. - Теория и методика обучения и воспитания (по областям и уровням образования), 5.8.4. - Физическая культура и профессиональная физическая подготовка, 5.8.5. - Теория и методика спорта, 5.8.7. - Методология и технология профессионального образования
3, Кафедра Фармакология / Кафедра фармакологии, 1.1.10. - Биомеханика и биоинженерия, 1.4.14. - Кинетика и катализ, 1.4.16. - Медицинская химия, 1.4.3. - Органическая химия, 1.4.7. - Высокомолекулярные соединения, 1.4.8. - Химия элементоорганических соединений, 1.4.9. - Биоорганическая химия, 1.5.14. - Энтомология, 1.5.15. - Экология, 1.5.17. - Паразитология, 1.5.18. - Микология, 1.5.24. - Нейробиология, 1.5.3. - Молекулярная биология, 1.5.4. - Биохимия, 1.5.5. - Физиология человека и животных, 1.5.6. - Биотехнология, 1.5.7. - Генетика, 1.5.8. - Математическая биология, 1.5.9. - Ботаника, 1.6.5. - Литология, 2.2.12. - Приборы, 2.5.22. - Управление качеством продукции. Стандартизация. Организация производства, 2.6.10. - Технология органических веществ, 2.6.3. - Литейное производство, 3.1.12. - Анестезиология и реаниматология, 3.1.13. - Урология и андрология, 3.1.15. - Сердечно-сосудистая хирургия, 3.1.18. - Внутренние болезни, 3.1.19. - Эндокринология, 3.1.21. - Педиатрия, 3.1.23. - Дерматовенерология, 3.1.29. - Пульмонология, 3.1.3. - Оториноларингология, 3.1.30. - Гастроэнтерология и диетология, 3.1.33. - Восстановительная медицина, 3.1.35. - Военно-полевая терапия, 3.1.4. - Акушерство и гинекология, 3.1.6. - Онкология, 3.1.9. - Хирургия, 3.2.1. - Гигиена, 3.2.4. - Медицина труда, 3.2.5. - Медицинская психология, 3.3.1. - Анатомия и антропология, 3.3.4. - Токсикология, 3.3.5. - Судебная медицина, 3.3.6. - Фармакология, 3.3.9. - Медицинская информатика, 3.4.3. - Организация фармацевтического дела, 4.1.1. - Общее земледелие и растениеводство, 4.1.3. - Агрохимия, 4.1.4. - Садоводство, 4.1.5. - Мелиорация, 4.1.6. - Лесоведение, 4.3.3. - Пищевые системы, 5.11.1. - Теоретическая теология (по исследовательскому направлению: православие, 5.2.5. - Мировая экономика, 5.6.1. - Отечественная история, 5.6.2. - Всеобщая история, 5.7.9. - Философия религии и религиоведение, 5.9.5. - Русский язык. Языки народов России
4, Кафедра теплогазоснабжения / теплогазоснабжения и вентиляции / Кафедра теплоэнергетики и теплотехники, 1.1.9. - Механика жидкости, 1.3.10. - Физика низких температур, 1.3.14. - Теплофизика и теоретическая теплотехника, 1.6.18. - Науки об атмосфере и климате, 2.1.3. - Теплоснабжение, 2.10.1. - Пожарная безопасность, 2.4.1. - Теоретическая и прикладная электротехника, 2.4.10. - Техносферная безопасность (в энергетике), 2.4.3. - Электроэнергетика, 2.4.5. - Энергетические системы и комплексы, 2.4.6. - Теоретическая и прикладная теплотехника, 2.4.8. - Машины и аппараты, 2.4.9. - Ядерные энергетические установки, 2.5.10. - Гидравлические машины, 2.5.12. - Аэродинамика и процессы теплообмена летательных аппаратов, 2.5.14. - Прочность и тепловые режимы летательных аппаратов, 2.5.15. - Тепловые, 2.5.20. - Судовые энергетические установки и их элементы (главные и вспомогательные), 2.5.7. - Технологии и машины обработки давлением, 2.6.1. - Металловедение и термическая обработка металлов и сплавов, 2.6.12. - Химическая технология топлива и высокоэнергетических веществ, 2.6.15. - Мембраны и мембранная технология, 2.8.4. - Разработка и эксплуатация нефтяных и газовых месторождений, 2.8.5. - Строительство и эксплуатация нефтегазопроводов, 2.8.6. - Геомеханика, 4.3.2. - Электротехнологии
5, Кафедра инженерной геологии / геологии / геологии и разведки / Кафедра гидрогеологии и инженерной геологии, 1.1.3. - Геометрия и топология, 1.5.14. - Энтомология, 1.6.1. - Общая и региональная геология. Геотектоника и геодинамика, 1.6.10. - Геология, 1.6.11. - Геология, 1.6.12. - Физическая география и биогеография, 1.6.14. - Геоморфология и палеогеография, 1.6.15. - Землеустройство, 1.6.19. - Аэрокосмические исследования Земли, 1.6.2. - Палеонтология и стратиграфия, 1.6.20. - Геоинформатика, 1.6.21. - Геоэкология, 1.6.22. - Геодезия, 1.6.4. - Минералогия, 1.6.6. - Гидрогеология, 1.6.7. - Инженерная геология, 1.6.9. - Геофизика, 2.1.11. - Теория и история архитектуры, 2.1.2. - Основания и фундаменты, 2.1.4. - Водоснабжение, 2.1.6. - Гидротехническое строительство, 2.8.1. - Технология и техника геологоразведочных работ, 2.8.3. - Горнопромышленная и нефтегазопромысловая геология, 2.8.6. - Геомеханика, 2.8.7. - Теоретические основы проектирования горно-технических систем, 2.8.8. - Геотехнология, 2.8.9. - Обогащение полезных ископаемых, 3.3.1. - Анатомия и антропология, 4.1.5. - Мелиорация, 5.7.1. - Онтология и теория познания, 5.7.2. - История философии
6, Кафедра проектирования летательных аппаратов / прочности летательных аппаратов / Кафедра морских энергетических установок, 1.1.8. - Механика деформируемого твердого тела, 1.6.19. - Аэрокосмические исследования Земли, 2.1.3. - Теплоснабжение, 2.10.2. - Экологическая безопасность, 2.2.14. - Антенны, 2.2.9. - Проектирование и технология приборостроения и радиоэлектронной аппаратуры, 2.4.10. - Техносферная безопасность (в энергетике), 2.4.3. - Электроэнергетика, 2.4.5. - Энергетические системы и комплексы, 2.4.6. - Теоретическая и прикладная теплотехника, 2.4.7. - Турбомашины и поршневые двигатели, 2.4.8. - Машины и аппараты, 2.4.9. - Ядерные энергетические установки, 2.5.10. - Гидравлические машины, 2.5.12. - Аэродинамика и процессы теплообмена летательных аппаратов, 2.5.13. - Проектирование, 2.5.14. - Прочность и тепловые режимы летательных аппаратов, 2.5.15. - Тепловые, 2.5.16. - Динамика, 2.5.17. - Теория корабля и строительная механика, 2.5.18. - Проектирование и конструкция судов, 2.5.19. - Технология судостроения, 2.5.20. - Судовые энергетические установки и их элементы (главные и вспомогательные), 2.5.4. - Роботы, 2.8.4. - Разработка и эксплуатация нефтяных и газовых месторождений, 2.8.5. - Строительство и эксплуатация нефтегазопроводов, 2.9.6. - Аэронавигация и эксплуатация авиационной техники, 2.9.7. - Эксплуатация водного транспорта, 3.1.35. - Военно-полевая терапия, 3.3.7. - Авиационная, 4.3.2. - Электротехнологии, 5.8.5. - Теория и методика спорта
7, Кафедра прикладной математики / математики / Кафедра математического моделирования, 1.1.1. - Вещественный, 1.1.2. - Дифференциальные уравнения и математическая физика, 1.1.3. - Геометрия и топология, 1.1.4. - Теория вероятностей и математическая статистика, 1.1.5. - Математическая логика, 1.1.6. - Вычислительная математика, 1.2.2. - Математическое моделирование, 1.3.3. - Теоретическая физика, 1.5.8. - Математическая биология, 2.2.10. - Метрология и метрологическое обеспечение, 2.2.4. - Приборы и методы измерения (по видам измерений), 2.3.7. - Компьютерное моделирование и автоматизация проектирования, 2.5.1. - Инженерная геометрия и компьютерная графика. Цифровая поддержка жизненного цикла изделий, 5.12.1. - Междисциплинарные исследования когнитивных процессов, 5.2.1. - Экономическая теория, 5.2.2. - Математические, 5.2.4. - Финансы, 5.3.8. - Коррекционная психология и дефектология, 5.7.2. - История философии, 5.7.5. - Логика, 5.8.1. - Общая педагогика, 5.8.2. - Теория и методика обучения и воспитания (по областям и уровням образования), 5.8.3. - Коррекционная педагогика, 5.9.5. - Русский язык. Языки народов России, 5.9.8. - Теоретическая
8, Кафедра теоретической физики / математической физики / Кафедра физики конденсированного состояния / физики тонких плёнок, 1.1.1. - Вещественный, 1.1.2. - Дифференциальные уравнения и математическая физика, 1.1.3. - Геометрия и топология, 1.1.4. - Теория вероятностей и математическая статистика, 1.1.5. - Математическая логика, 1.1.6. - Вычислительная математика, 1.1.7. - Теоретическая механика, 1.1.8. - Механика деформируемого твердого тела, 1.2.2. - Математическое моделирование, 1.3.1. - Физика космоса, 1.3.10. - Физика низких температур, 1.3.11. - Физика полупроводников, 1.3.12. - Физика магнитных явлений, 1.3.13. - Электрофизика, 1.3.14. - Теплофизика и теоретическая теплотехника, 1.3.15. - Физика атомных ядер и элементарных частиц, 1.3.16. - Атомная и молекулярная физика, 1.3.17. - Химическая физика, 1.3.18. - Физика пучков заряженных частиц и ускорительная техника, 1.3.19. - Лазерная физика, 1.3.2. - Приборы и методы экспериментальной физики, 1.3.20. - Кристаллография, 1.3.21. - Медицинская физика, 1.3.3. - Теоретическая физика, 1.3.4. - Радиофизика, 1.3.5. - Физическая электроника, 1.3.6. - Оптика, 1.3.8. - Физика конденсированного состояния, 1.3.9. - Физика плазмы, 1.4.14. - Кинетика и катализ, 1.4.4. - Физическая химия, 1.5.2. - Биофизика, 1.5.8. - Математическая биология, 2.1.9. - Строительная механика, 2.2.14. - Антенны, 2.2.16. - Радиолокация и радионавигация, 2.2.2. - Электронная компонентная база микро- и наноэлектроники, 2.2.4. - Приборы и методы измерения (по видам измерений), 2.2.6. - Оптические и оптико-электронные приборы и комплексы, 2.2.7. - Фотоника, 2.4.1. - Теоретическая и прикладная электротехника, 2.4.11. - Светотехника, 2.4.4. - Электротехнология и электрофизика, 2.4.5. - Энергетические системы и комплексы, 2.4.6. - Теоретическая и прикладная теплотехника, 2.5.16. - Динамика, 2.5.17. - Теория корабля и строительная механика, 2.5.5. - Технология и оборудование механической и физико-технической обработки, 2.6.14. - Технология силикатных и тугоплавких неметаллических материалов, 2.6.15. - Мембраны и мембранная технология, 2.6.4. - Обработка металлов давлением, 3.1.3. - Оториноларингология, 4.3.3. - Пищевые системы, 5.1.1. - Теоретико-исторические правовые науки, 5.11.1. - Теоретическая теология (по исследовательскому направлению: православие, 5.12.1. - Междисциплинарные исследования когнитивных процессов, 5.2.1. - Экономическая теория, 5.3.3. - Психология труда, 5.4.1. - Теория, 5.6.6. - История науки и техники, 5.7.1. - Онтология и теория познания, 5.7.2. - История философии, 5.7.5. - Логика, 5.7.6. - Философия науки и техники, 5.7.9. - Философия религии и религиоведение, 5.8.2. - Теория и методика обучения и воспитания (по областям и уровням образования), 5.8.4. - Физическая культура и профессиональная физическая подготовка, 5.8.5. - Теория и методика спорта, 5.9.8. - Теоретическая
9, Кафедра машиностроения / технологии машиностроения / Инженерия / Кафедра материаловедения, 1.1.7. - Теоретическая механика, 1.1.8. - Механика деформируемого твердого тела, 1.2.1. - Искусственный интеллект и машинное обучение, 1.3.5. - Физическая электроника, 1.3.6. - Оптика, 1.6.7. - Инженерная геология, 2.1.1. - Строительные конструкции, 2.1.12. - Архитектура зданий и сооружений. Творческие концепции архитектурной деятельности, 2.1.14. - Управление жизненным циклом объектов строительства, 2.1.15. - Безопасность объектов строительства, 2.1.16. - Охрана труда в строительстве, 2.1.5. - Строительные материалы и изделия, 2.1.6. - Гидротехническое строительство, 2.1.7. - Технология и организация строительства, 2.1.8. - Проектирование и строительство дорог, 2.1.9. - Строительная механика, 2.10.3. - Безопасность труда, 2.2.12. - Приборы, 2.2.13. - Радиотехника, 2.2.14. - Антенны, 2.2.2. - Электронная компонентная база микро- и наноэлектроники, 2.2.3. - Технология и оборудование для производства материалов и приборов электронной техники, 2.2.4. - Приборы и методы измерения (по видам измерений), 2.2.6. - Оптические и оптико-электронные приборы и комплексы, 2.2.8. - Методы и приборы контроля и диагностики материалов, 2.2.9. - Проектирование и технология приборостроения и радиоэлектронной аппаратуры, 2.3.2. - Вычислительные системы и их элементы, 2.3.3. - Автоматизация и управление технологическими процессами и производствами, 2.3.7. - Компьютерное моделирование и автоматизация проектирования, 2.4.1. - Теоретическая и прикладная электротехника, 2.4.10. - Техносферная безопасность (в энергетике), 2.4.11. - Светотехника, 2.4.2. - Электротехнические комплексы и системы, 2.4.3. - Электроэнергетика, 2.4.4. - Электротехнология и электрофизика, 2.4.7. - Турбомашины и поршневые двигатели, 2.4.8. - Машины и аппараты, 2.5.1. - Инженерная геометрия и компьютерная графика. Цифровая поддержка жизненного цикла изделий, 2.5.10. - Гидравлические машины, 2.5.11. - Наземные транспортно-технологические средства и комплексы, 2.5.13. - Проектирование, 2.5.16. - Динамика, 2.5.17. - Теория корабля и строительная механика, 2.5.18. - Проектирование и конструкция судов, 2.5.19. - Технология судостроения, 2.5.2. - Машиноведение, 2.5.21. - Машины, 2.5.22. - Управление качеством продукции. Стандартизация. Организация производства, 2.5.3. - Трение и износ в машинах, 2.5.4. - Роботы, 2.5.5. - Технология и оборудование механической и физико-технической обработки, 2.5.6. - Технология машиностроения, 2.5.7. - Технологии и машины обработки давлением, 2.5.8. - Сварка, 2.5.9. - Методы и приборы контроля и диагностики материалов, 2.6.1. - Металловедение и термическая обработка металлов и сплавов, 2.6.11. - Технология и переработка синтетических и природных полимеров и композитов, 2.6.13. - Процессы и аппараты химических технологий, 2.6.14. - Технология силикатных и тугоплавких неметаллических материалов, 2.6.15. - Мембраны и мембранная технология, 2.6.16. - Технология производства изделий текстильной и легкой промышленности, 2.6.17. - Материаловедение, 2.6.18. - Охрана труда, 2.6.2. - Металлургия черных, 2.6.3. - Литейное производство, 2.6.4. - Обработка металлов давлением, 2.6.5. - Порошковая металлургия и композиционные материалы, 2.6.6. - Нанотехнологии и наноматериалы, 2.6.8. - Технология редких, 2.8.1. - Технология и техника геологоразведочных работ, 2.8.2. - Технология бурения и освоения скважин, 2.8.9. - Обогащение полезных ископаемых, 2.9.1. - Транспортные и транспортно-технологические системы страны, 2.9.10. - Техносферная безопасность транспортных систем, 2.9.2. - Железнодорожный путь, 2.9.4. - Управление процессами перевозок, 2.9.5. - Эксплуатация автомобильного транспорта, 2.9.6. - Аэронавигация и эксплуатация авиационной техники, 2.9.8. - Интеллектуальные транспортные системы, 4.3.1. - Технологии, 4.3.2. - Электротехнологии, 4.3.3. - Пищевые системы, 4.3.4. - Технологии, 5.3.3. - Психология труда, 5.6.6. - История науки и техники, 5.6.8. - Документалистика, 5.8.7. - Методология и технология профессионального образования
10, Кафедра подвижного состава / Кафедра железнодорожных станций и узлов, 2.1.13. - Градостроительство, 2.1.14. - Управление жизненным циклом объектов строительства, 2.1.16. - Охрана труда в строительстве, 2.1.2. - Основания и фундаменты, 2.1.8. - Проектирование и строительство дорог, 2.10.3. - Безопасность труда, 2.2.13. - Радиотехника, 2.2.15. - Системы, 2.2.16. - Радиолокация и радионавигация, 2.2.5. - Приборы навигации, 2.4.2. - Электротехнические комплексы и системы, 2.4.7. - Турбомашины и поршневые двигатели, 2.4.8. - Машины и аппараты, 2.5.11. - Наземные транспортно-технологические средства и комплексы, 2.5.16. - Динамика, 2.5.2. - Машиноведение, 2.5.20. - Судовые энергетические установки и их элементы (главные и вспомогательные), 2.5.21. - Машины, 2.5.3. - Трение и износ в машинах, 2.5.4. - Роботы, 2.5.5. - Технология и оборудование механической и физико-технической обработки, 2.6.18. - Охрана труда, 2.8.10. - Охрана труда, 2.8.5. - Строительство и эксплуатация нефтегазопроводов, 2.9.1. - Транспортные и транспортно-технологические системы страны, 2.9.10. - Техносферная безопасность транспортных систем, 2.9.2. - Железнодорожный путь, 2.9.3. - Подвижной состав железных дорог, 2.9.4. - Управление процессами перевозок, 2.9.5. - Эксплуатация автомобильного транспорта, 2.9.6. - Аэронавигация и эксплуатация авиационной техники, 2.9.7. - Эксплуатация водного транспорта, 2.9.8. - Интеллектуальные транспортные системы, 2.9.9. - Логистические транспортные системы, 3.2.6. - Безопасность в чрезвычайных ситуациях, 4.3.1. - Технологии, 4.3.4. - Технологии, 5.8.4. - Физическая культура и профессиональная физическая подготовка
11, Кафедра Агрономия, Кафедра Агрономия, Кафедра Агрономия / Кафедра бурения / гидравлики / Кафедра горного дела / грунтоведения / горного дела / Кафедра электроники, 1.1.1. - Вещественный, 1.2.3. - Теоретическая информатика, 1.2.4. - Кибербезопасность, 1.3.13. - Электрофизика, 1.3.5. - Физическая электроника, 1.3.6. - Оптика, 1.4.5. - Хемоинформатика, 1.5.14. - Энтомология, 1.5.15. - Экология, 1.5.17. - Паразитология, 1.5.18. - Микология, 1.5.24. - Нейробиология, 1.5.5. - Физиология человека и животных, 1.5.7. - Генетика, 1.5.9. - Ботаника, 1.6.1. - Общая и региональная геология. Геотектоника и геодинамика, 1.6.10. - Геология, 1.6.11. - Геология, 1.6.12. - Физическая география и биогеография, 1.6.14. - Геоморфология и палеогеография, 1.6.15. - Землеустройство, 1.6.18. - Науки об атмосфере и климате, 1.6.19. - Аэрокосмические исследования Земли, 1.6.2. - Палеонтология и стратиграфия, 1.6.20. - Геоинформатика, 1.6.21. - Геоэкология, 1.6.22. - Геодезия, 1.6.4. - Минералогия, 1.6.5. - Литология, 1.6.6. - Гидрогеология, 1.6.7. - Инженерная геология, 1.6.9. - Геофизика, 2.1.11. - Теория и история архитектуры, 2.1.13. - Градостроительство, 2.1.15. - Безопасность объектов строительства, 2.1.16. - Охрана труда в строительстве, 2.1.2. - Основания и фундаменты, 2.1.4. - Водоснабжение, 2.1.5. - Строительные материалы и изделия, 2.1.6. - Гидротехническое строительство, 2.10.1. - Пожарная безопасность, 2.10.2. - Экологическая безопасность, 2.10.3. - Безопасность труда, 2.2.1. - Вакуумная и плазменная электроника, 2.2.10. - Метрология и метрологическое обеспечение, 2.2.12. - Приборы, 2.2.13. - Радиотехника, 2.2.14. - Антенны, 2.2.15. - Системы, 2.2.16. - Радиолокация и радионавигация, 2.2.2. - Электронная компонентная база микро- и наноэлектроники, 2.2.3. - Технология и оборудование для производства материалов и приборов электронной техники, 2.2.4. - Приборы и методы измерения (по видам измерений), 2.2.6. - Оптические и оптико-электронные приборы и комплексы, 2.2.7. - Фотоника, 2.2.9. - Проектирование и технология приборостроения и радиоэлектронной аппаратуры, 2.3.2. - Вычислительные системы и их элементы, 2.3.3. - Автоматизация и управление технологическими процессами и производствами, 2.3.4. - Управление в организационных системах, 2.3.5. - Математическое и программное обеспечение вычислительных систем, 2.3.7. - Компьютерное моделирование и автоматизация проектирования, 2.3.8. - Информатика и информационные процессы, 2.4.1. - Теоретическая и прикладная электротехника, 2.4.11. - Светотехника, 2.4.2. - Электротехнические комплексы и системы, 2.4.3. - Электроэнергетика, 2.4.4. - Электротехнология и электрофизика, 2.5.1. - Инженерная геометрия и компьютерная графика. Цифровая поддержка жизненного цикла изделий, 2.5.16. - Динамика, 2.5.2. - Машиноведение, 2.5.8. - Сварка, 2.6.15. - Мембраны и мембранная технология, 2.6.17. - Материаловедение, 2.6.18. - Охрана труда, 2.6.5. - Порошковая металлургия и композиционные материалы, 2.8.1. - Технология и техника геологоразведочных работ, 2.8.10. - Охрана труда, 2.8.2. - Технология бурения и освоения скважин, 2.8.3. - Горнопромышленная и нефтегазопромысловая геология, 2.8.6. - Геомеханика, 2.8.7. - Теоретические основы проектирования горно-технических систем, 2.8.8. - Геотехнология, 2.8.9. - Обогащение полезных ископаемых, 2.9.6. - Аэронавигация и эксплуатация авиационной техники, 3.1.12. - Анестезиология и реаниматология, 3.1.13. - Урология и андрология, 3.1.14. - Трансплантология и искусственные органы, 3.1.15. - Сердечно-сосудистая хирургия, 3.1.18. - Внутренние болезни, 3.1.19. - Эндокринология, 3.1.20. - Кардиология, 3.1.21. - Педиатрия, 3.1.23. - Дерматовенерология, 3.1.29. - Пульмонология, 3.1.3. - Оториноларингология, 3.1.30. - Гастроэнтерология и диетология, 3.1.33. - Восстановительная медицина, 3.1.35. - Военно-полевая терапия, 3.1.4. - Акушерство и гинекология, 3.1.8. - Травматология и ортопедия, 3.1.9. - Хирургия, 3.2.1. - Гигиена, 3.2.4. - Медицина труда, 3.2.5. - Медицинская психология, 3.2.6. - Безопасность в чрезвычайных ситуациях, 3.3.1. - Анатомия и антропология, 3.3.4. - Токсикология, 3.3.5. - Судебная медицина, 3.3.7. - Авиационная, 3.3.9. - Медицинская информатика, 4.1.1. - Общее земледелие и растениеводство, 4.1.3. - Агрохимия, 4.1.4. - Садоводство, 4.1.5. - Мелиорация, 4.1.6. - Лесоведение, 4.3.2. - Электротехнологии, 4.3.3. - Пищевые системы, 5.1.1. - Теоретико-исторические правовые науки, 5.1.2. - Публично-правовые (государственно-правовые) науки, 5.1.4. - Уголовно-правовые науки, 5.10.4. - Библиотековедение, 5.11.1. - Теоретическая теология (по исследовательскому направлению: православие, 5.12.1. - Междисциплинарные исследования когнитивных процессов, 5.2.6. - Менеджмент, 5.2.7. - Государственное и муниципальное управление, 5.3.4. - Педагогическая психология, 5.3.8. - Коррекционная психология и дефектология, 5.4.1. - Теория, 5.4.7. - Социология управления, 5.6.1. - Отечественная история, 5.6.2. - Всеобщая история, 5.6.7. - История международных отношений и внешней политики, 5.6.8. - Документалистика, 5.7.1. - Онтология и теория познания, 5.7.2. - История философии, 5.7.4. - Этика, 5.7.5. - Логика, 5.7.7. - Социальная и политическая философия, 5.7.9. - Философия религии и религиоведение, 5.8.1. - Общая педагогика, 5.8.2. - Теория и методика обучения и воспитания (по областям и уровням образования), 5.8.3. - Коррекционная педагогика, 5.8.5. - Теория и методика спорта, 5.8.7. - Методология и технология профессионального образования, 5.9.5. - Русский язык. Языки народов России
12, Кафедра экологии и природопользования / экологии / Кафедра ботаники / физиологии растений, 1.1.1. - Вещественный, 1.1.10. - Биомеханика и биоинженерия, 1.5.14. - Энтомология, 1.5.15. - Экология, 1.5.17. - Паразитология, 1.5.18. - Микология, 1.5.2. - Биофизика, 1.5.24. - Нейробиология, 1.5.3. - Молекулярная биология, 1.5.5. - Физиология человека и животных, 1.5.6. - Биотехнология, 1.5.7. - Генетика, 1.5.8. - Математическая биология, 1.5.9. - Ботаника, 1.6.12. - Физическая география и биогеография, 1.6.13. - Экономическая, 1.6.15. - Землеустройство, 1.6.18. - Науки об атмосфере и климате, 1.6.21. - Геоэкология, 1.6.5. - Литология, 1.6.6. - Гидрогеология, 2.1.10. - Экологическая безопасность строительства и городского хозяйства, 2.1.3. - Теплоснабжение, 2.1.4. - Водоснабжение, 2.10.1. - Пожарная безопасность, 2.10.2. - Экологическая безопасность, 2.2.4. - Приборы и методы измерения (по видам измерений), 2.2.8. - Методы и приборы контроля и диагностики материалов, 2.4.9. - Ядерные энергетические установки, 2.5.9. - Методы и приборы контроля и диагностики материалов, 2.6.18. - Охрана труда, 2.8.10. - Охрана труда, 2.8.9. - Обогащение полезных ископаемых, 3.1.13. - Урология и андрология, 3.1.19. - Эндокринология, 3.1.21. - Педиатрия, 3.1.23. - Дерматовенерология, 3.1.29. - Пульмонология, 3.1.3. - Оториноларингология, 3.1.30. - Гастроэнтерология и диетология, 3.1.33. - Восстановительная медицина, 3.1.4. - Акушерство и гинекология, 3.2.1. - Гигиена, 3.2.6. - Безопасность в чрезвычайных ситуациях, 3.3.1. - Анатомия и антропология, 3.3.4. - Токсикология, 4.1.1. - Общее земледелие и растениеводство, 4.1.3. - Агрохимия, 4.1.4. - Садоводство, 4.1.5. - Мелиорация, 4.1.6. - Лесоведение, 4.3.3. - Пищевые системы, 4.3.4. - Технологии, 5.1.2. - Публично-правовые (государственно-правовые) науки, 5.10.4. - Библиотековедение, 5.2.5. - Мировая экономика, 5.3.5. - Социальная психология, 5.4.2. - Экономическая социология, 5.5.3. - Государственное управление и отраслевые политики, 5.6.1. - Отечественная история, 5.6.2. - Всеобщая история, 5.7.4. - Этика, 5.7.9. - Философия религии и религиоведение, 5.8.5. - Теория и методика спорта
13, Кафедра строительной механики / строительных конструкций / строительства и проектирования / Кафедра оснований и фундаментов, 1.1.1. - Вещественный, 1.1.7. - Теоретическая механика, 1.1.8. - Механика деформируемого твердого тела, 1.6.1. - Общая и региональная геология. Геотектоника и геодинамика, 1.6.10. - Геология, 1.6.14. - Геоморфология и палеогеография, 1.6.15. - Землеустройство, 1.6.2. - Палеонтология и стратиграфия, 1.6.22. - Геодезия, 1.6.5. - Литология, 1.6.7. - Инженерная геология, 1.6.9. - Геофизика, 2.1.1. - Строительные конструкции, 2.1.10. - Экологическая безопасность строительства и городского хозяйства, 2.1.11. - Теория и история архитектуры, 2.1.12. - Архитектура зданий и сооружений. Творческие концепции архитектурной деятельности, 2.1.13. - Градостроительство, 2.1.14. - Управление жизненным циклом объектов строительства, 2.1.15. - Безопасность объектов строительства, 2.1.16. - Охрана труда в строительстве, 2.1.2. - Основания и фундаменты, 2.1.5. - Строительные материалы и изделия, 2.1.6. - Гидротехническое строительство, 2.1.7. - Технология и организация строительства, 2.1.8. - Проектирование и строительство дорог, 2.1.9. - Строительная механика, 2.10.3. - Безопасность труда, 2.2.4. - Приборы и методы измерения (по видам измерений), 2.2.9. - Проектирование и технология приборостроения и радиоэлектронной аппаратуры, 2.5.1. - Инженерная геометрия и компьютерная графика. Цифровая поддержка жизненного цикла изделий, 2.5.13. - Проектирование, 2.5.16. - Динамика, 2.5.17. - Теория корабля и строительная механика, 2.5.18. - Проектирование и конструкция судов, 2.5.19. - Технология судостроения, 2.5.5. - Технология и оборудование механической и физико-технической обработки, 2.5.6. - Технология машиностроения, 2.6.16. - Технология производства изделий текстильной и легкой промышленности, 2.6.17. - Материаловедение, 2.6.5. - Порошковая металлургия и композиционные материалы, 2.8.2. - Технология бурения и освоения скважин, 2.8.5. - Строительство и эксплуатация нефтегазопроводов, 2.8.7. - Теоретические основы проектирования горно-технических систем, 2.9.2. - Железнодорожный путь, 3.1.29. - Пульмонология, 4.1.1. - Общее земледелие и растениеводство, 4.1.6. - Лесоведение, 4.3.4. - Технологии, 5.1.1. - Теоретико-исторические правовые науки, 5.1.2. - Публично-правовые (государственно-правовые) науки, 5.1.4. - Уголовно-правовые науки, 5.10.4. - Библиотековедение, 5.11.1. - Теоретическая теология (по исследовательскому направлению: православие, 5.2.7. - Государственное и муниципальное управление, 5.3.3. - Психология труда, 5.4.1. - Теория, 5.4.4. - Социальная структура, 5.4.5. - Политическая социология, 5.4.7. - Социология управления, 5.5.3. - Государственное управление и отраслевые политики, 5.6.1. - Отечественная история, 5.7.1. - Онтология и теория познания, 5.7.2. - История философии, 5.7.7. - Социальная и политическая философия, 5.7.9. - Философия религии и религиоведение, 5.8.1. - Общая педагогика, 5.8.2. - Теория и методика обучения и воспитания (по областям и уровням образования), 5.8.3. - Коррекционная педагогика, 5.8.4. - Физическая культура и профессиональная физическая подготовка
14, Кафедра атомной энергетики / ядерных реакторов / Кафедра тепловых двигателей, 1.1.9. - Механика жидкости, 1.3.10. - Физика низких температур, 1.3.14. - Теплофизика и теоретическая теплотехника, 1.3.15. - Физика атомных ядер и элементарных частиц, 1.3.16. - Атомная и молекулярная физика, 1.3.4. - Радиофизика, 1.4.13. - Радиохимия, 2.1.3. - Теплоснабжение, 2.10.1. - Пожарная безопасность, 2.2.16. - Радиолокация и радионавигация, 2.4.10. - Техносферная безопасность (в энергетике), 2.4.3. - Электроэнергетика, 2.4.5. - Энергетические системы и комплексы, 2.4.6. - Теоретическая и прикладная теплотехника, 2.4.7. - Турбомашины и поршневые двигатели, 2.4.8. - Машины и аппараты, 2.4.9. - Ядерные энергетические установки, 2.5.10. - Гидравлические машины, 2.5.12. - Аэродинамика и процессы теплообмена летательных аппаратов, 2.5.14. - Прочность и тепловые режимы летательных аппаратов, 2.5.15. - Тепловые, 2.5.20. - Судовые энергетические установки и их элементы (главные и вспомогательные), 2.5.7. - Технологии и машины обработки давлением, 2.6.12. - Химическая технология топлива и высокоэнергетических веществ, 2.6.8. - Технология редких, 2.8.4. - Разработка и эксплуатация нефтяных и газовых месторождений, 2.8.5. - Строительство и эксплуатация нефтегазопроводов, 2.9.3. - Подвижной состав железных дорог, 2.9.5. - Эксплуатация автомобильного транспорта, 3.1.6. - Онкология, 5.6.7. - История международных отношений и внешней политики
15, Кафедра бурения и добычи нефти / бурения нефтяных и газовых скважин / Кафедра нефтегазового дела / разработки и эксплуатации нефтяных месторождений, 1.1.9. - Механика жидкости, 1.4.12. - Нефтехимия, 1.6.10. - Геология, 1.6.11. - Геология, 1.6.7. - Инженерная геология, 2.1.3. - Теплоснабжение, 2.1.4. - Водоснабжение, 2.10.1. - Пожарная безопасность, 2.10.3. - Безопасность труда, 2.5.22. - Управление качеством продукции. Стандартизация. Организация производства, 2.5.3. - Трение и износ в машинах, 2.6.12. - Химическая технология топлива и высокоэнергетических веществ, 2.6.18. - Охрана труда, 2.6.3. - Литейное производство, 2.8.2. - Технология бурения и освоения скважин, 2.8.3. - Горнопромышленная и нефтегазопромысловая геология, 2.8.4. - Разработка и эксплуатация нефтяных и газовых месторождений, 2.8.5. - Строительство и эксплуатация нефтегазопроводов, 2.8.6. - Геомеханика, 2.8.8. - Геотехнология, 4.3.1. - Технологии, 4.3.2. - Электротехнологии, 5.2.3. - Региональная и отраслевая экономика, 5.2.5. - Мировая экономика, 5.6.7. - История международных отношений и внешней политики, 5.9.5. - Русский язык. Языки народов России
16, Кафедра мостов и транспортных тоннелей / Кафедра мостов и транспортных сооружений, 1.6.13. - Экономическая, 2.1.1. - Строительные конструкции, 2.1.10. - Экологическая безопасность строительства и городского хозяйства, 2.1.11. - Теория и история архитектуры, 2.1.12. - Архитектура зданий и сооружений. Творческие концепции архитектурной деятельности, 2.1.13. - Градостроительство, 2.1.14. - Управление жизненным циклом объектов строительства, 2.1.15. - Безопасность объектов строительства, 2.1.2. - Основания и фундаменты, 2.1.4. - Водоснабжение, 2.1.8. - Проектирование и строительство дорог, 2.2.5. - Приборы навигации, 2.5.11. - Наземные транспортно-технологические средства и комплексы, 2.5.19. - Технология судостроения, 2.9.1. - Транспортные и транспортно-технологические системы страны, 2.9.10. - Техносферная безопасность транспортных систем, 2.9.2. - Железнодорожный путь, 2.9.3. - Подвижной состав железных дорог, 2.9.4. - Управление процессами перевозок, 2.9.5. - Эксплуатация автомобильного транспорта, 2.9.7. - Эксплуатация водного транспорта, 2.9.8. - Интеллектуальные транспортные системы, 2.9.9. - Логистические транспортные системы, 4.3.4. - Технологии
17, Кафедра вычислительной техники и автоматизации / вычислительной техники / автоматизация / Кафедра информатики, 1.1.1. - Вещественный, 1.1.6. - Вычислительная математика, 1.2.1. - Искусственный интеллект и машинное обучение, 1.2.2. - Математическое моделирование, 1.2.3. - Теоретическая информатика, 1.2.4. - Кибербезопасность, 1.3.5. - Физическая электроника, 1.3.6. - Оптика, 1.4.5. - Хемоинформатика, 1.6.5. - Литология, 2.2.11. - Информационно-измерительные и управляющие системы, 2.2.13. - Радиотехника, 2.2.14. - Антенны, 2.2.15. - Системы, 2.2.16. - Радиолокация и радионавигация, 2.2.3. - Технология и оборудование для производства материалов и приборов электронной техники, 2.2.9. - Проектирование и технология приборостроения и радиоэлектронной аппаратуры, 2.3.1. - Системный анализ, 2.3.2. - Вычислительные системы и их элементы, 2.3.3. - Автоматизация и управление технологическими процессами и производствами, 2.3.4. - Управление в организационных системах, 2.3.5. - Математическое и программное обеспечение вычислительных систем, 2.3.6. - Методы и системы защиты информации, 2.3.7. - Компьютерное моделирование и автоматизация проектирования, 2.3.8. - Информатика и информационные процессы, 2.5.1. - Инженерная геометрия и компьютерная графика. Цифровая поддержка жизненного цикла изделий, 2.5.2. - Машиноведение, 2.5.21. - Машины, 2.5.4. - Роботы, 2.5.5. - Технология и оборудование механической и физико-технической обработки, 2.5.6. - Технология машиностроения, 2.5.7. - Технологии и машины обработки давлением, 2.5.8. - Сварка, 2.9.8. - Интеллектуальные транспортные системы, 3.3.9. - Медицинская информатика, 4.3.1. - Технологии, 4.3.3. - Пищевые системы, 5.1.2. - Публично-правовые (государственно-правовые) науки, 5.1.4. - Уголовно-правовые науки, 5.10.4. - Библиотековедение, 5.11.1. - Теоретическая теология (по исследовательскому направлению: православие, 5.12.1. - Междисциплинарные исследования когнитивных процессов, 5.2.4. - Финансы, 5.2.6. - Менеджмент, 5.3.3. - Психология труда, 5.3.4. - Педагогическая психология, 5.6.2. - Всеобщая история, 5.6.6. - История науки и техники, 5.6.8. - Документалистика, 5.7.1. - Онтология и теория познания, 5.7.6. - Философия науки и техники, 5.7.9. - Философия религии и религиоведение, 5.8.1. - Общая педагогика, 5.8.2. - Теория и методика обучения и воспитания (по областям и уровням образования), 5.8.3. - Коррекционная педагогика, 5.8.7. - Методология и технология профессионального образования, 5.9.8. - Теоретическая
18, Кафедра мировой экономики / экономики / Кафедра Финансы, 1.1.4. - Теория вероятностей и математическая статистика, 1.6.13. - Экономическая, 2.10.2. - Экологическая безопасность, 2.3.1. - Системный анализ, 2.5.22. - Управление качеством продукции. Стандартизация. Организация производства, 2.5.3. - Трение и износ в машинах, 2.9.5. - Эксплуатация автомобильного транспорта, 4.1.1. - Общее земледелие и растениеводство, 4.1.5. - Мелиорация, 5.2.1. - Экономическая теория, 5.2.2. - Математические, 5.2.3. - Региональная и отраслевая экономика, 5.2.4. - Финансы, 5.2.5. - Мировая экономика, 5.2.6. - Менеджмент, 5.2.7. - Государственное и муниципальное управление, 5.3.5. - Социальная психология, 5.4.1. - Теория, 5.4.2. - Экономическая социология, 5.4.4. - Социальная структура, 5.4.5. - Политическая социология, 5.4.7. - Социология управления, 5.5.3. - Государственное управление и отраслевые политики, 5.6.2. - Всеобщая история, 5.6.7. - История международных отношений и внешней политики, 5.7.4. - Этика, 5.7.5. - Логика, 5.7.7. - Социальная и политическая философия
19, Кафедра информационных систем и технологий / информационных систем и сетей / Кафедра медицинской кибернетики, 1.2.1. - Искусственный интеллект и машинное обучение, 1.2.3. - Теоретическая информатика, 1.2.4. - Кибербезопасность, 1.4.5. - Хемоинформатика, 2.1.7. - Технология и организация строительства, 2.2.11. - Информационно-измерительные и управляющие системы, 2.2.12. - Приборы, 2.2.13. - Радиотехника, 2.2.15. - Системы, 2.2.16. - Радиолокация и радионавигация, 2.2.9. - Проектирование и технология приборостроения и радиоэлектронной аппаратуры, 2.3.1. - Системный анализ, 2.3.2. - Вычислительные системы и их элементы, 2.3.3. - Автоматизация и управление технологическими процессами и производствами, 2.3.4. - Управление в организационных системах, 2.3.5. - Математическое и программное обеспечение вычислительных систем, 2.3.6. - Методы и системы защиты информации, 2.3.8. - Информатика и информационные процессы, 2.4.10. - Техносферная безопасность (в энергетике), 2.5.8. - Сварка, 2.8.10. - Охрана труда, 2.9.1. - Транспортные и транспортно-технологические системы страны, 2.9.10. - Техносферная безопасность транспортных систем, 2.9.8. - Интеллектуальные транспортные системы, 3.1.12. - Анестезиология и реаниматология, 3.1.14. - Трансплантология и искусственные органы, 3.1.15. - Сердечно-сосудистая хирургия, 3.1.18. - Внутренние болезни, 3.1.33. - Восстановительная медицина, 3.1.35. - Военно-полевая терапия, 3.1.4. - Акушерство и гинекология, 3.1.6. - Онкология, 3.1.9. - Хирургия, 3.2.4. - Медицина труда, 3.2.5. - Медицинская психология, 3.2.6. - Безопасность в чрезвычайных ситуациях, 3.3.5. - Судебная медицина, 3.3.7. - Авиационная, 3.3.9. - Медицинская информатика, 4.3.3. - Пищевые системы, 5.1.2. - Публично-правовые (государственно-правовые) науки, 5.1.4. - Уголовно-правовые науки, 5.10.4. - Библиотековедение, 5.2.6. - Менеджмент, 5.2.7. - Государственное и муниципальное управление, 5.3.4. - Педагогическая психология, 5.4.4. - Социальная структура, 5.5.3. - Государственное управление и отраслевые политики, 5.6.2. - Всеобщая история, 5.6.8. - Документалистика, 5.7.1. - Онтология и теория познания, 5.8.2. - Теория и методика обучения и воспитания (по областям и уровням образования), 5.8.7. - Методология и технология профессионального образования
20, Кафедра теории вероятностей и математической статистики / теории вероятностей / Кафедра дифференциальных уравнений, 1.1.1. - Вещественный, 1.1.2. - Дифференциальные уравнения и математическая физика, 1.1.3. - Геометрия и топология, 1.1.4. - Теория вероятностей и математическая статистика, 1.1.5. - Математическая логика, 1.1.6. - Вычислительная математика, 1.2.2. - Математическое моделирование, 1.3.8. - Физика конденсированного состояния, 1.5.7. - Генетика, 2.2.10. - Метрология и метрологическое обеспечение, 2.2.4. - Приборы и методы измерения (по видам измерений), 2.9.9. - Логистические транспортные системы, 3.1.3. - Оториноларингология, 5.2.1. - Экономическая теория, 5.2.2. - Математические, 5.7.5. - Логика, 5.9.8. - Теоретическая
21, Кафедра электротехники / электроэнергетики / электроснабжения / Кафедра энергетических систем / энергосбережения, 1.3.13. - Электрофизика, 1.3.14. - Теплофизика и теоретическая теплотехника, 1.3.5. - Физическая электроника, 1.4.6. - Электрохимия, 1.6.18. - Науки об атмосфере и климате, 2.1.10. - Экологическая безопасность строительства и городского хозяйства, 2.1.14. - Управление жизненным циклом объектов строительства, 2.1.3. - Теплоснабжение, 2.10.1. - Пожарная безопасность, 2.10.2. - Экологическая безопасность, 2.10.3. - Безопасность труда, 2.2.1. - Вакуумная и плазменная электроника, 2.2.15. - Системы, 2.2.6. - Оптические и оптико-электронные приборы и комплексы, 2.2.9. - Проектирование и технология приборостроения и радиоэлектронной аппаратуры, 2.4.1. - Теоретическая и прикладная электротехника, 2.4.10. - Техносферная безопасность (в энергетике), 2.4.11. - Светотехника, 2.4.2. - Электротехнические комплексы и системы, 2.4.3. - Электроэнергетика, 2.4.4. - Электротехнология и электрофизика, 2.4.5. - Энергетические системы и комплексы, 2.4.6. - Теоретическая и прикладная теплотехника, 2.4.8. - Машины и аппараты, 2.4.9. - Ядерные энергетические установки, 2.5.12. - Аэродинамика и процессы теплообмена летательных аппаратов, 2.5.14. - Прочность и тепловые режимы летательных аппаратов, 2.5.15. - Тепловые, 2.5.20. - Судовые энергетические установки и их элементы (главные и вспомогательные), 2.5.21. - Машины, 2.5.7. - Технологии и машины обработки давлением, 2.6.12. - Химическая технология топлива и высокоэнергетических веществ, 2.6.18. - Охрана труда, 2.6.9. - Технология электрохимических процессов и защита от коррозии, 2.8.10. - Охрана труда, 2.8.4. - Разработка и эксплуатация нефтяных и газовых месторождений, 2.8.5. - Строительство и эксплуатация нефтегазопроводов, 2.9.3. - Подвижной состав железных дорог, 3.2.6. - Безопасность в чрезвычайных ситуациях, 4.3.1. - Технологии, 4.3.2. - Электротехнологии, 5.2.3. - Региональная и отраслевая экономика, 5.2.5. - Мировая экономика, 5.3.3. - Психология труда
22, Кафедра кибербезопасности / кибернетики / Кафедра программирования и компьютерной графики, 1.1.6. - Вычислительная математика, 1.2.1. - Искусственный интеллект и машинное обучение, 1.2.2. - Математическое моделирование, 1.2.3. - Теоретическая информатика, 1.2.4. - Кибербезопасность, 1.4.5. - Хемоинформатика, 2.1.15. - Безопасность объектов строительства, 2.10.1. - Пожарная безопасность, 2.10.2. - Экологическая безопасность, 2.10.3. - Безопасность труда, 2.2.15. - Системы, 2.3.2. - Вычислительные системы и их элементы, 2.3.5. - Математическое и программное обеспечение вычислительных систем, 2.3.6. - Методы и системы защиты информации, 2.3.7. - Компьютерное моделирование и автоматизация проектирования, 2.4.10. - Техносферная безопасность (в энергетике), 2.5.1. - Инженерная геометрия и компьютерная графика. Цифровая поддержка жизненного цикла изделий, 2.6.18. - Охрана труда, 2.8.10. - Охрана труда, 2.9.10. - Техносферная безопасность транспортных систем, 3.2.6. - Безопасность в чрезвычайных ситуациях, 5.1.2. - Публично-правовые (государственно-правовые) науки, 5.1.4. - Уголовно-правовые науки, 5.3.4. - Педагогическая психология, 5.4.5. - Политическая социология, 5.6.7. - История международных отношений и внешней политики, 5.6.8. - Документалистика, 5.7.1. - Онтология и теория познания, 5.7.7. - Социальная и политическая философия
23, Кафедра искусственного интеллекта и компьютерных наук / систем искусственного интеллекта / Кафедра программирования / программной инженерии / программирования, 1.1.6. - Вычислительная математика, 1.2.1. - Искусственный интеллект и машинное обучение, 1.2.2. - Математическое моделирование, 1.2.3. - Теоретическая информатика, 1.2.4. - Кибербезопасность, 1.4.5. - Хемоинформатика, 2.2.11. - Информационно-измерительные и управляющие системы, 2.3.2. - Вычислительные системы и их элементы, 2.3.3. - Автоматизация и управление технологическими процессами и производствами, 2.3.5. - Математическое и программное обеспечение вычислительных систем, 2.3.6. - Методы и системы защиты информации, 2.3.7. - Компьютерное моделирование и автоматизация проектирования, 2.3.8. - Информатика и информационные процессы, 2.5.1. - Инженерная геометрия и компьютерная графика. Цифровая поддержка жизненного цикла изделий, 2.5.4. - Роботы, 2.9.8. - Интеллектуальные транспортные системы, 5.12.1. - Междисциплинарные исследования когнитивных процессов, 5.8.1. - Общая педагогика, 5.8.3. - Коррекционная педагогика, 5.8.7. - Методология и технология профессионального образования, 5.9.5. - Русский язык. Языки народов России, 5.9.8. - Теоретическая
24, Кафедра онкологии / Кафедра кардиологии, 1.3.21. - Медицинская физика, 3.1.12. - Анестезиология и реаниматология, 3.1.14. - Трансплантология и искусственные органы, 3.1.15. - Сердечно-сосудистая хирургия, 3.1.18. - Внутренние болезни, 3.1.19. - Эндокринология, 3.1.20. - Кардиология, 3.1.30. - Гастроэнтерология и диетология, 3.1.33. - Восстановительная медицина, 3.1.35. - Военно-полевая терапия, 3.1.4. - Акушерство и гинекология, 3.1.6. - Онкология, 3.1.8. - Травматология и ортопедия, 3.1.9. - Хирургия, 3.2.4. - Медицина труда, 3.2.5. - Медицинская психология, 3.3.5. - Судебная медицина, 3.3.6. - Фармакология, 3.3.7. - Авиационная, 3.3.9. - Медицинская информатика, 5.8.4. - Физическая культура и профессиональная физическая подготовка
25, Кафедра наноструктурных материалов / Кафедра биофизики, 1.1.10. - Биомеханика и биоинженерия, 1.1.8. - Механика деформируемого твердого тела, 1.3.20. - Кристаллография, 1.3.21. - Медицинская физика, 1.3.4. - Радиофизика, 1.4.15. - Химия твердого тела, 1.4.5. - Хемоинформатика, 1.5.14. - Энтомология, 1.5.15. - Экология, 1.5.17. - Паразитология, 1.5.18. - Микология, 1.5.2. - Биофизика, 1.5.24. - Нейробиология, 1.5.3. - Молекулярная биология, 1.5.4. - Биохимия, 1.5.5. - Физиология человека и животных, 1.5.6. - Биотехнология, 1.5.7. - Генетика, 1.5.8. - Математическая биология, 1.6.6. - Гидрогеология, 2.1.5. - Строительные материалы и изделия, 2.2.1. - Вакуумная и плазменная электроника, 2.2.2. - Электронная компонентная база микро- и наноэлектроники, 2.2.3. - Технология и оборудование для производства материалов и приборов электронной техники, 2.2.6. - Оптические и оптико-электронные приборы и комплексы, 2.2.8. - Методы и приборы контроля и диагностики материалов, 2.5.9. - Методы и приборы контроля и диагностики материалов, 2.6.11. - Технология и переработка синтетических и природных полимеров и композитов, 2.6.14. - Технология силикатных и тугоплавких неметаллических материалов, 2.6.15. - Мембраны и мембранная технология, 2.6.16. - Технология производства изделий текстильной и легкой промышленности, 2.6.17. - Материаловедение, 2.6.2. - Металлургия черных, 2.6.4. - Обработка металлов давлением, 2.6.5. - Порошковая металлургия и композиционные материалы, 2.6.6. - Нанотехнологии и наноматериалы, 2.6.7. - Технология неорганических веществ, 2.6.8. - Технология редких, 3.1.12. - Анестезиология и реаниматология, 3.1.13. - Урология и андрология, 3.1.14. - Трансплантология и искусственные органы, 3.1.19. - Эндокринология, 3.1.20. - Кардиология, 3.1.23. - Дерматовенерология, 3.1.3. - Оториноларингология, 3.1.30. - Гастроэнтерология и диетология, 3.1.33. - Восстановительная медицина, 3.1.4. - Акушерство и гинекология, 3.1.6. - Онкология, 3.1.8. - Травматология и ортопедия, 3.2.5. - Медицинская психология, 3.3.7. - Авиационная, 3.3.9. - Медицинская информатика, 5.11.1. - Теоретическая теология (по исследовательскому направлению: православие, 5.3.8. - Коррекционная психология и дефектология, 5.7.6. - Философия науки и техники, 5.7.9. - Философия религии и религиоведение, 5.8.4. - Физическая культура и профессиональная физическая подготовка
26, Кафедра водоснабжения / водоотведения и охраны водных ресурсов / Кафедра гидротехнического строительства / гидроэнергетики, 1.6.18. - Науки об атмосфере и климате, 2.1.1. - Строительные конструкции, 2.1.10. - Экологическая безопасность строительства и городского хозяйства, 2.1.3. - Теплоснабжение, 2.1.4. - Водоснабжение, 2.1.6. - Гидротехническое строительство, 2.1.8. - Проектирование и строительство дорог, 2.10.2. - Экологическая безопасность, 2.4.11. - Светотехника, 2.4.3. - Электроэнергетика, 2.4.5. - Энергетические системы и комплексы, 2.5.10. - Гидравлические машины, 2.5.17. - Теория корабля и строительная механика, 2.5.18. - Проектирование и конструкция судов, 2.5.19. - Технология судостроения, 2.5.20. - Судовые энергетические установки и их элементы (главные и вспомогательные), 2.5.7. - Технологии и машины обработки давлением, 2.8.4. - Разработка и эксплуатация нефтяных и газовых месторождений, 2.8.5. - Строительство и эксплуатация нефтегазопроводов, 2.9.7. - Эксплуатация водного транспорта, 3.2.1. - Гигиена, 3.2.6. - Безопасность в чрезвычайных ситуациях, 4.1.5. - Мелиорация, 4.1.6. - Лесоведение, 4.3.2. - Электротехнологии, 5.2.7. - Государственное и муниципальное управление
27, Кафедра кораблестроения / Кафедра судовых двигателей, 2.2.5. - Приборы навигации, 2.4.7. - Турбомашины и поршневые двигатели, 2.5.10. - Гидравлические машины, 2.5.11. - Наземные транспортно-технологические средства и комплексы, 2.5.12. - Аэродинамика и процессы теплообмена летательных аппаратов, 2.5.13. - Проектирование, 2.5.14. - Прочность и тепловые режимы летательных аппаратов, 2.5.16. - Динамика, 2.5.17. - Теория корабля и строительная механика, 2.5.18. - Проектирование и конструкция судов, 2.5.19. - Технология судостроения, 2.5.20. - Судовые энергетические установки и их элементы (главные и вспомогательные), 2.5.3. - Трение и износ в машинах, 2.9.10. - Техносферная безопасность транспортных систем, 2.9.2. - Железнодорожный путь, 2.9.3. - Подвижной состав железных дорог, 2.9.4. - Управление процессами перевозок, 2.9.5. - Эксплуатация автомобильного транспорта, 2.9.6. - Аэронавигация и эксплуатация авиационной техники, 2.9.9. - Логистические транспортные системы, 3.3.7. - Авиационная, 5.1.1. - Теоретико-исторические правовые науки
28, Кафедра квантовой физики / квантовой электроники / Кафедра лазерной физики, 1.3.1. - Физика космоса, 1.3.11. - Физика полупроводников, 1.3.12. - Физика магнитных явлений, 1.3.15. - Физика атомных ядер и элементарных частиц, 1.3.16. - Атомная и молекулярная физика, 1.3.18. - Физика пучков заряженных частиц и ускорительная техника, 1.3.19. - Лазерная физика, 1.3.2. - Приборы и методы экспериментальной физики, 1.3.3. - Теоретическая физика, 1.3.5. - Физическая электроника, 1.3.6. - Оптика, 1.3.8. - Физика конденсированного состояния, 1.3.9. - Физика плазмы, 2.2.1. - Вакуумная и плазменная электроника, 2.2.2. - Электронная компонентная база микро- и наноэлектроники, 2.2.6. - Оптические и оптико-электронные приборы и комплексы, 2.2.7. - Фотоника, 2.4.11. - Светотехника, 2.6.14. - Технология силикатных и тугоплавких неметаллических материалов, 2.6.6. - Нанотехнологии и наноматериалы, 3.1.15. - Сердечно-сосудистая хирургия, 3.1.6. - Онкология
29, Кафедра географии / физической географии / Кафедра геологии и разведки месторождений / геологии и разработки месторождений / геодезии, 1.1.3. - Геометрия и топология, 1.3.1. - Физика космоса, 1.5.14. - Энтомология, 1.6.1. - Общая и региональная геология. Геотектоника и геодинамика, 1.6.10. - Геология, 1.6.11. - Геология, 1.6.12. - Физическая география и биогеография, 1.6.13. - Экономическая, 1.6.14. - Геоморфология и палеогеография, 1.6.15. - Землеустройство, 1.6.19. - Аэрокосмические исследования Земли, 1.6.2. - Палеонтология и стратиграфия, 1.6.20. - Геоинформатика, 1.6.21. - Геоэкология, 1.6.22. - Геодезия, 1.6.4. - Минералогия, 1.6.6. - Гидрогеология, 1.6.7. - Инженерная геология, 1.6.9. - Геофизика, 2.1.11. - Теория и история архитектуры, 2.1.12. - Архитектура зданий и сооружений. Творческие концепции архитектурной деятельности, 2.1.13. - Градостроительство, 2.1.2. - Основания и фундаменты, 2.1.8. - Проектирование и строительство дорог, 2.2.10. - Метрология и метрологическое обеспечение, 2.2.16. - Радиолокация и радионавигация, 2.2.4. - Приборы и методы измерения (по видам измерений), 2.2.5. - Приборы навигации, 2.5.11. - Наземные транспортно-технологические средства и комплексы, 2.8.1. - Технология и техника геологоразведочных работ, 2.8.3. - Горнопромышленная и нефтегазопромысловая геология, 2.8.6. - Геомеханика, 2.8.7. - Теоретические основы проектирования горно-технических систем, 2.8.8. - Геотехнология, 2.8.9. - Обогащение полезных ископаемых, 2.9.1. - Транспортные и транспортно-технологические системы страны, 3.3.1. - Анатомия и антропология, 4.1.6. - Лесоведение, 5.10.4. - Библиотековедение, 5.2.3. - Региональная и отраслевая экономика, 5.2.7. - Государственное и муниципальное управление, 5.6.1. - Отечественная история, 5.6.7. - История международных отношений и внешней политики, 5.8.1. - Общая педагогика, 5.8.4. - Физическая культура и профессиональная физическая подготовка, 5.8.5. - Теория и методика спорта, 5.9.5. - Русский язык. Языки народов России
30, Кафедра металлургии / Кафедра станков и инструментов, 2.1.12. - Архитектура зданий и сооружений. Творческие концепции архитектурной деятельности, 2.1.16. - Охрана труда в строительстве, 2.1.5. - Строительные материалы и изделия, 2.1.6. - Гидротехническое строительство, 2.1.7. - Технология и организация строительства, 2.1.9. - Строительная механика, 2.10.3. - Безопасность труда, 2.2.10. - Метрология и метрологическое обеспечение, 2.2.12. - Приборы, 2.2.13. - Радиотехника, 2.2.14. - Антенны, 2.2.3. - Технология и оборудование для производства материалов и приборов электронной техники, 2.2.4. - Приборы и методы измерения (по видам измерений), 2.2.8. - Методы и приборы контроля и диагностики материалов, 2.2.9. - Проектирование и технология приборостроения и радиоэлектронной аппаратуры, 2.3.4. - Управление в организационных системах, 2.4.8. - Машины и аппараты, 2.5.18. - Проектирование и конструкция судов, 2.5.19. - Технология судостроения, 2.5.2. - Машиноведение, 2.5.21. - Машины, 2.5.22. - Управление качеством продукции. Стандартизация. Организация производства, 2.5.5. - Технология и оборудование механической и физико-технической обработки, 2.5.6. - Технология машиностроения, 2.5.7. - Технологии и машины обработки давлением, 2.5.8. - Сварка, 2.5.9. - Методы и приборы контроля и диагностики материалов, 2.6.1. - Металловедение и термическая обработка металлов и сплавов, 2.6.14. - Технология силикатных и тугоплавких неметаллических материалов, 2.6.15. - Мембраны и мембранная технология, 2.6.16. - Технология производства изделий текстильной и легкой промышленности, 2.6.17. - Материаловедение, 2.6.18. - Охрана труда, 2.6.2. - Металлургия черных, 2.6.4. - Обработка металлов давлением, 2.6.5. - Порошковая металлургия и композиционные материалы, 2.8.10. - Охрана труда, 2.8.2. - Технология бурения и освоения скважин, 2.9.2. - Железнодорожный путь, 4.3.1. - Технологии, 4.3.3. - Пищевые системы, 4.3.4. - Технологии, 5.10.4. - Библиотековедение, 5.6.6. - История науки и техники, 5.6.8. - Документалистика, 5.8.2. - Теория и методика обучения и воспитания (по областям и уровням образования), 5.8.4. - Физическая культура и профессиональная физическая подготовка, 5.8.7. - Методология и технология профессионального образования
31, Кафедра радиотехники / Кафедра фотоники и оптоинформатики / Кафедра систем связи / Кафедра физики, 1.1.2. - Дифференциальные уравнения и математическая физика, 1.1.7. - Теоретическая механика, 1.2.4. - Кибербезопасность, 1.3.1. - Физика космоса, 1.3.10. - Физика низких температур, 1.3.11. - Физика полупроводников, 1.3.12. - Физика магнитных явлений, 1.3.13. - Электрофизика, 1.3.14. - Теплофизика и теоретическая теплотехника, 1.3.15. - Физика атомных ядер и элементарных частиц, 1.3.17. - Химическая физика, 1.3.18. - Физика пучков заряженных частиц и ускорительная техника, 1.3.19. - Лазерная физика, 1.3.2. - Приборы и методы экспериментальной физики, 1.3.21. - Медицинская физика, 1.3.3. - Теоретическая физика, 1.3.4. - Радиофизика, 1.3.6. - Оптика, 1.3.8. - Физика конденсированного состояния, 1.3.9. - Физика плазмы, 1.4.13. - Радиохимия, 1.6.19. - Аэрокосмические исследования Земли, 2.2.11. - Информационно-измерительные и управляющие системы, 2.2.13. - Радиотехника, 2.2.14. - Антенны, 2.2.15. - Системы, 2.2.16. - Радиолокация и радионавигация, 2.2.6. - Оптические и оптико-электронные приборы и комплексы, 2.2.7. - Фотоника, 2.2.9. - Проектирование и технология приборостроения и радиоэлектронной аппаратуры, 2.3.1. - Системный анализ, 2.3.4. - Управление в организационных системах, 2.3.5. - Математическое и программное обеспечение вычислительных систем, 2.3.6. - Методы и системы защиты информации, 2.3.8. - Информатика и информационные процессы, 2.4.11. - Светотехника, 2.4.4. - Электротехнология и электрофизика, 2.4.9. - Ядерные энергетические установки, 2.5.8. - Сварка, 2.6.8. - Технология редких, 3.1.15. - Сердечно-сосудистая хирургия, 3.1.20. - Кардиология, 3.1.6. - Онкология, 5.1.1. - Теоретико-исторические правовые науки, 5.3.4. - Педагогическая психология, 5.4.4. - Социальная структура, 5.7.2. - История философии, 5.7.6. - Философия науки и техники, 5.8.4. - Физическая культура и профессиональная физическая подготовка, 5.8.5. - Теория и методика спорта, 5.8.7. - Методология и технология профессионального образования, 5.9.5. - Русский язык. Языки народов России
32, Кафедра хирургии / Кафедра терапии / медицины, 1.3.21. - Медицинская физика, 1.5.17. - Паразитология, 1.5.18. - Микология, 1.5.24. - Нейробиология, 1.5.9. - Ботаника, 2.2.12. - Приборы, 3.1.12. - Анестезиология и реаниматология, 3.1.13. - Урология и андрология, 3.1.14. - Трансплантология и искусственные органы, 3.1.15. - Сердечно-сосудистая хирургия, 3.1.18. - Внутренние болезни, 3.1.19. - Эндокринология, 3.1.20. - Кардиология, 3.1.21. - Педиатрия, 3.1.23. - Дерматовенерология, 3.1.30. - Гастроэнтерология и диетология, 3.1.33. - Восстановительная медицина, 3.1.35. - Военно-полевая терапия, 3.1.4. - Акушерство и гинекология, 3.1.6. - Онкология, 3.1.8. - Травматология и ортопедия, 3.1.9. - Хирургия, 3.2.1. - Гигиена, 3.2.4. - Медицина труда, 3.2.5. - Медицинская психология, 3.3.4. - Токсикология, 3.3.5. - Судебная медицина, 3.3.6. - Фармакология, 3.3.7. - Авиационная, 3.3.9. - Медицинская информатика, 3.4.3. - Организация фармацевтического дела, 4.1.4. - Садоводство, 5.3.8. - Коррекционная психология и дефектология, 5.8.3. - Коррекционная педагогика
33, Кафедра биотехнологии / биохимии, 3.1.23. - Дерматовенерология, 1.4.13. - Радиохимия, 3.3.4. - Токсикология, 2.6.10. - Технология органических веществ, 1.5.8. - Математическая биология, 1.1.10. - Биомеханика и биоинженерия, 3.1.19. - Эндокринология, 2.6.7. - Технология неорганических веществ, 3.1.14. - Трансплантология и искусственные органы, 1.4.9. - Биоорганическая химия, 1.5.3. - Молекулярная биология, 1.5.7. - Генетика, 3.2.1. - Гигиена, 3.2.4. - Медицина труда, 1.5.5. - Физиология человека и животных, 1.5.6. - Биотехнология, 3.1.33. - Восстановительная медицина, 1.4.7. - Высокомолекулярные соединения, 4.1.3. - Агрохимия, 1.5.17. - Паразитология, 1.5.15. - Экология, 3.3.9. - Медицинская информатика, 2.2.12. - Приборы, 1.4.3. - Органическая химия, 1.4.8. - Химия элементоорганических соединений, 3.3.6. - Фармакология, 3.1.12. - Анестезиология и реаниматология, 3.1.4. - Акушерство и гинекология, 2.6.11. - Технология и переработка синтетических и природных полимеров и композитов, 1.4.16. - Медицинская химия, 1.5.4. - Биохимия, 1.4.1. - Неорганическая химия, 1.5.18. - Микология, 1.4.10. - Коллоидная химия, 3.4.3. - Организация фармацевтического дела, 1.4.15. - Химия твердого тела, 2.6.6. - Нанотехнологии и наноматериалы, 4.1.4. - Садоводство, 1.4.2. - Аналитическая химия, 3.1.13. - Урология и андрология, 1.5.2. - Биофизика, 1.4.6. - Электрохимия, 1.5.24. - Нейробиология, 1.4.11. - Бионеорганическая химия
34, Кафедра автоматизации морских систем / Кафедра информационных систем в транспорте, 1.2.1. - Искусственный интеллект и машинное обучение, 2.2.11. - Информационно-измерительные и управляющие системы, 2.2.13. - Радиотехника, 2.2.15. - Системы, 2.2.16. - Радиолокация и радионавигация, 2.2.5. - Приборы навигации, 2.3.1. - Системный анализ, 2.3.3. - Автоматизация и управление технологическими процессами и производствами, 2.3.4. - Управление в организационных системах, 2.3.6. - Методы и системы защиты информации, 2.3.7. - Компьютерное моделирование и автоматизация проектирования, 2.3.8. - Информатика и информационные процессы, 2.5.11. - Наземные транспортно-технологические средства и комплексы, 2.5.12. - Аэродинамика и процессы теплообмена летательных аппаратов, 2.5.13. - Проектирование, 2.5.16. - Динамика, 2.5.17. - Теория корабля и строительная механика, 2.5.18. - Проектирование и конструкция судов, 2.5.19. - Технология судостроения, 2.5.3. - Трение и износ в машинах, 2.5.4. - Роботы, 2.8.10. - Охрана труда, 2.9.1. - Транспортные и транспортно-технологические системы страны, 2.9.10. - Техносферная безопасность транспортных систем, 2.9.2. - Железнодорожный путь, 2.9.3. - Подвижной состав железных дорог, 2.9.4. - Управление процессами перевозок, 2.9.5. - Эксплуатация автомобильного транспорта, 2.9.6. - Аэронавигация и эксплуатация авиационной техники, 2.9.7. - Эксплуатация водного транспорта, 2.9.8. - Интеллектуальные транспортные системы, 2.9.9. - Логистические транспортные системы, 3.2.6. - Безопасность в чрезвычайных ситуациях, 3.3.7. - Авиационная, 5.6.8. - Документалистика
35, Кафедра промышленной безопасности / Кафедра органической химии / Кафедра транспорта нефтегазовых систем / Кафедра геологии и разведки нефтегазовых месторождений, 1.1.9. - Механика жидкости, 1.2.4. - Кибербезопасность, 1.4.1. - Неорганическая химия, 1.4.10. - Коллоидная химия, 1.4.11. - Бионеорганическая химия, 1.4.12. - Нефтехимия, 1.4.13. - Радиохимия, 1.4.14. - Кинетика и катализ, 1.4.15. - Химия твердого тела, 1.4.16. - Медицинская химия, 1.4.2. - Аналитическая химия, 1.4.3. - Органическая химия, 1.4.4. - Физическая химия, 1.4.6. - Электрохимия, 1.4.7. - Высокомолекулярные соединения, 1.4.8. - Химия элементоорганических соединений, 1.4.9. - Биоорганическая химия, 1.5.3. - Молекулярная биология, 1.5.4. - Биохимия, 1.5.6. - Биотехнология, 1.6.1. - Общая и региональная геология. Геотектоника и геодинамика, 1.6.10. - Геология, 1.6.11. - Геология, 1.6.12. - Физическая география и биогеография, 1.6.14. - Геоморфология и палеогеография, 1.6.20. - Геоинформатика, 1.6.21. - Геоэкология, 1.6.4. - Минералогия, 1.6.7. - Инженерная геология, 1.6.9. - Геофизика, 2.1.10. - Экологическая безопасность строительства и городского хозяйства, 2.1.15. - Безопасность объектов строительства, 2.1.16. - Охрана труда в строительстве, 2.1.3. - Теплоснабжение, 2.10.1. - Пожарная безопасность, 2.10.2. - Экологическая безопасность, 2.10.3. - Безопасность труда, 2.3.6. - Методы и системы защиты информации, 2.4.10. - Техносферная безопасность (в энергетике), 2.4.7. - Турбомашины и поршневые двигатели, 2.4.9. - Ядерные энергетические установки, 2.5.11. - Наземные транспортно-технологические средства и комплексы, 2.5.3. - Трение и износ в машинах, 2.6.10. - Технология органических веществ, 2.6.11. - Технология и переработка синтетических и природных полимеров и композитов, 2.6.12. - Химическая технология топлива и высокоэнергетических веществ, 2.6.13. - Процессы и аппараты химических технологий, 2.6.18. - Охрана труда, 2.6.3. - Литейное производство, 2.6.7. - Технология неорганических веществ, 2.6.9. - Технология электрохимических процессов и защита от коррозии, 2.8.1. - Технология и техника геологоразведочных работ, 2.8.10. - Охрана труда, 2.8.3. - Горнопромышленная и нефтегазопромысловая геология, 2.8.4. - Разработка и эксплуатация нефтяных и газовых месторождений, 2.8.5. - Строительство и эксплуатация нефтегазопроводов, 2.8.6. - Геомеханика, 2.8.8. - Геотехнология, 2.8.9. - Обогащение полезных ископаемых, 2.9.1. - Транспортные и транспортно-технологические системы страны, 2.9.10. - Техносферная безопасность транспортных систем, 2.9.2. - Железнодорожный путь, 2.9.3. - Подвижной состав железных дорог, 2.9.4. - Управление процессами перевозок, 2.9.5. - Эксплуатация автомобильного транспорта, 2.9.6. - Аэронавигация и эксплуатация авиационной техники, 2.9.7. - Эксплуатация водного транспорта, 2.9.8. - Интеллектуальные транспортные системы, 2.9.9. - Логистические транспортные системы, 3.1.35. - Военно-полевая терапия, 3.2.6. - Безопасность в чрезвычайных ситуациях, 3.3.6. - Фармакология, 3.4.3. - Организация фармацевтического дела, 4.1.3. - Агрохимия, 5.1.4. - Уголовно-правовые науки, 5.6.7. - История международных отношений и внешней политики, 5.9.5. - Русский язык. Языки народов России
36, Кафедра Филология / философия / Кафедра Психология, 1.1.1. - Вещественный, 1.1.5. - Математическая логика, 1.4.5. - Хемоинформатика, 1.5.14. - Энтомология, 1.5.17. - Паразитология, 1.5.18. - Микология, 1.5.24. - Нейробиология, 1.5.5. - Физиология человека и животных, 1.5.7. - Генетика, 1.5.9. - Ботаника, 1.6.2. - Палеонтология и стратиграфия, 1.6.5. - Литология, 3.1.12. - Анестезиология и реаниматология, 3.1.13. - Урология и андрология, 3.1.18. - Внутренние болезни, 3.1.19. - Эндокринология, 3.1.20. - Кардиология, 3.1.21. - Педиатрия, 3.1.23. - Дерматовенерология, 3.1.29. - Пульмонология, 3.1.3. - Оториноларингология, 3.1.30. - Гастроэнтерология и диетология, 3.1.33. - Восстановительная медицина, 3.1.35. - Военно-полевая терапия, 3.1.6. - Онкология, 3.1.8. - Травматология и ортопедия, 3.2.1. - Гигиена, 3.2.4. - Медицина труда, 3.2.5. - Медицинская психология, 3.3.1. - Анатомия и антропология, 3.3.4. - Токсикология, 3.3.5. - Судебная медицина, 4.1.4. - Садоводство, 5.1.1. - Теоретико-исторические правовые науки, 5.1.2. - Публично-правовые (государственно-правовые) науки, 5.1.4. - Уголовно-правовые науки, 5.10.4. - Библиотековедение, 5.11.1. - Теоретическая теология (по исследовательскому направлению: православие, 5.12.1. - Междисциплинарные исследования когнитивных процессов, 5.2.1. - Экономическая теория, 5.3.3. - Психология труда, 5.3.4. - Педагогическая психология, 5.3.5. - Социальная психология, 5.3.8. - Коррекционная психология и дефектология, 5.4.1. - Теория, 5.4.2. - Экономическая социология, 5.4.5. - Политическая социология, 5.4.7. - Социология управления, 5.6.1. - Отечественная история, 5.6.2. - Всеобщая история, 5.7.1. - Онтология и теория познания, 5.7.2. - История философии, 5.7.4. - Этика, 5.7.5. - Логика, 5.7.6. - Философия науки и техники, 5.7.7. - Социальная и политическая философия, 5.7.9. - Философия религии и религиоведение, 5.8.1. - Общая педагогика, 5.8.2. - Теория и методика обучения и воспитания (по областям и уровням образования), 5.8.3. - Коррекционная педагогика, 5.8.4. - Физическая культура и профессиональная физическая подготовка, 5.8.5. - Теория и методика спорта, 5.9.5. - Русский язык. Языки народов России, 5.9.8. - Теоретическая
37, Кафедра навигации и гидрографии / Кафедра аэродинамики, 1.6.1. - Общая и региональная геология. Геотектоника и геодинамика, 1.6.13. - Экономическая, 1.6.15. - Землеустройство, 1.6.18. - Науки об атмосфере и климате, 1.6.19. - Аэрокосмические исследования Земли, 1.6.2. - Палеонтология и стратиграфия, 1.6.20. - Геоинформатика, 1.6.21. - Геоэкология, 1.6.22. - Геодезия, 1.6.9. - Геофизика, 2.1.13. - Градостроительство, 2.1.4. - Водоснабжение, 2.1.8. - Проектирование и строительство дорог, 2.2.10. - Метрология и метрологическое обеспечение, 2.2.5. - Приборы навигации, 2.4.7. - Турбомашины и поршневые двигатели, 2.5.10. - Гидравлические машины, 2.5.12. - Аэродинамика и процессы теплообмена летательных аппаратов, 2.5.13. - Проектирование, 2.5.14. - Прочность и тепловые режимы летательных аппаратов, 2.5.15. - Тепловые, 2.5.16. - Динамика, 2.5.17. - Теория корабля и строительная механика, 2.5.18. - Проектирование и конструкция судов, 2.9.6. - Аэронавигация и эксплуатация авиационной техники, 2.9.7. - Эксплуатация водного транспорта, 3.3.7. - Авиационная, 5.8.4. - Физическая культура и профессиональная физическая подготовка, 5.8.5. - Теория и методика спорта
38, Кафедра физики низких температур / Кафедра физики твёрдого тела, 1.1.7. - Теоретическая механика, 1.1.8. - Механика деформируемого твердого тела, 1.3.1. - Физика космоса, 1.3.10. - Физика низких температур, 1.3.11. - Физика полупроводников, 1.3.12. - Физика магнитных явлений, 1.3.13. - Электрофизика, 1.3.14. - Теплофизика и теоретическая теплотехника, 1.3.15. - Физика атомных ядер и элементарных частиц, 1.3.17. - Химическая физика, 1.3.18. - Физика пучков заряженных частиц и ускорительная техника, 1.3.19. - Лазерная физика, 1.3.2. - Приборы и методы экспериментальной физики, 1.3.21. - Медицинская физика, 1.3.3. - Теоретическая физика, 1.3.4. - Радиофизика, 1.3.8. - Физика конденсированного состояния, 1.3.9. - Физика плазмы, 1.4.15. - Химия твердого тела, 1.5.2. - Биофизика, 1.5.5. - Физиология человека и животных, 1.6.18. - Науки об атмосфере и климате, 2.1.3. - Теплоснабжение, 2.2.7. - Фотоника, 2.4.6. - Теоретическая и прикладная теплотехника, 2.5.12. - Аэродинамика и процессы теплообмена летательных аппаратов, 2.5.14. - Прочность и тепловые режимы летательных аппаратов, 2.8.6. - Геомеханика, 3.1.14. - Трансплантология и искусственные органы, 3.1.15. - Сердечно-сосудистая хирургия, 3.1.20. - Кардиология, 3.1.3. - Оториноларингология, 3.1.35. - Военно-полевая терапия, 3.1.8. - Травматология и ортопедия, 5.8.4. - Физическая культура и профессиональная физическая подготовка, 5.8.5. - Теория и методика спорта
39, Кафедра химии полимеров, 2.6.13. - Процессы и аппараты химических технологий, 1.4.14. - Кинетика и катализ, 2.6.9. - Технология электрохимических процессов и защита от коррозии, 2.6.10. - Технология органических веществ, 2.6.7. - Технология неорганических веществ, 1.4.4. - Физическая химия, 1.5.3. - Молекулярная биология, 1.4.7. - Высокомолекулярные соединения, 2.2.8. - Методы и приборы контроля и диагностики материалов, 1.4.3. - Органическая химия, 1.4.8. - Химия элементоорганических соединений, 2.6.11. - Технология и переработка синтетических и природных полимеров и композитов, 1.4.16. - Медицинская химия, 1.4.1. - Неорганическая химия, 2.2.2. - Электронная компонентная база микро- и наноэлектроники, 2.5.9. - Методы и приборы контроля и диагностики материалов, 1.4.10. - Коллоидная химия, 2.6.14. - Технология силикатных и тугоплавких неметаллических материалов, 3.4.3. - Организация фармацевтического дела, 1.4.15. - Химия твердого тела, 2.6.6. - Нанотехнологии и наноматериалы, 1.4.2. - Аналитическая химия, 1.4.11. - Бионеорганическая химия
40, Кафедра робототехники, 1.2.1. - Искусственный интеллект и машинное обучение, 2.5.2. - Машиноведение, 3.1.14. - Трансплантология и искусственные органы, 1.1.7. - Теоретическая механика, 1.1.8. - Механика деформируемого твердого тела, 2.5.4. - Роботы
41, Кафедра автомобильных дорог / автомобильного транспорта / Кафедра авиационных двигателей, 1.6.19. - Аэрокосмические исследования Земли, 2.1.13. - Градостроительство, 2.1.8. - Проектирование и строительство дорог, 2.2.5. - Приборы навигации, 2.4.7. - Турбомашины и поршневые двигатели, 2.5.10. - Гидравлические машины, 2.5.11. - Наземные транспортно-технологические средства и комплексы, 2.5.12. - Аэродинамика и процессы теплообмена летательных аппаратов, 2.5.13. - Проектирование, 2.5.14. - Прочность и тепловые режимы летательных аппаратов, 2.5.15. - Тепловые, 2.5.16. - Динамика, 2.5.3. - Трение и износ в машинах, 2.9.1. - Транспортные и транспортно-технологические системы страны, 2.9.10. - Техносферная безопасность транспортных систем, 2.9.2. - Железнодорожный путь, 2.9.3. - Подвижной состав железных дорог, 2.9.4. - Управление процессами перевозок, 2.9.5. - Эксплуатация автомобильного транспорта, 2.9.6. - Аэронавигация и эксплуатация авиационной техники, 2.9.7. - Эксплуатация водного транспорта, 2.9.8. - Интеллектуальные транспортные системы, 2.9.9. - Логистические транспортные системы, 3.3.7. - Авиационная
42, Кафедра физики элементарных частиц, 1.3.18. - Физика пучков заряженных частиц и ускорительная техника, 1.3.9. - Физика плазмы, 1.3.4. - Радиофизика, 2.2.7. - Фотоника, 1.3.17. - Химическая физика, 1.3.10. - Физика низких температур, 1.3.16. - Атомная и молекулярная физика, 1.3.3. - Теоретическая физика, 1.3.8. - Физика конденсированного состояния, 1.3.1. - Физика космоса, 1.3.19. - Лазерная физика, 2.2.2. - Электронная компонентная база микро- и наноэлектроники, 1.3.11. - Физика полупроводников, 1.3.15. - Физика атомных ядер и элементарных частиц, 1.3.2. - Приборы и методы экспериментальной физики, 2.6.8. - Технология редких, 2.6.6. - Нанотехнологии и наноматериалы, 1.3.12. - Физика магнитных явлений
43, Кафедра физики полупроводников / Кафедра физики металлов, 1.3.1. - Физика космоса, 1.3.10. - Физика низких температур, 1.3.11. - Физика полупроводников, 1.3.12. - Физика магнитных явлений, 1.3.13. - Электрофизика, 1.3.14. - Теплофизика и теоретическая теплотехника, 1.3.15. - Физика атомных ядер и элементарных частиц, 1.3.16. - Атомная и молекулярная физика, 1.3.17. - Химическая физика, 1.3.18. - Физика пучков заряженных частиц и ускорительная техника, 1.3.19. - Лазерная физика, 1.3.2. - Приборы и методы экспериментальной физики, 1.3.20. - Кристаллография, 1.3.3. - Теоретическая физика, 1.3.4. - Радиофизика, 1.3.5. - Физическая электроника, 1.3.6. - Оптика, 1.3.8. - Физика конденсированного состояния, 1.3.9. - Физика плазмы, 1.4.10. - Коллоидная химия, 1.4.2. - Аналитическая химия, 1.4.4. - Физическая химия, 1.4.6. - Электрохимия, 2.2.1. - Вакуумная и плазменная электроника, 2.2.14. - Антенны, 2.2.2. - Электронная компонентная база микро- и наноэлектроники, 2.2.6. - Оптические и оптико-электронные приборы и комплексы, 2.2.7. - Фотоника, 2.4.1. - Теоретическая и прикладная электротехника, 2.4.11. - Светотехника, 2.4.2. - Электротехнические комплексы и системы, 2.4.4. - Электротехнология и электрофизика, 2.4.6. - Теоретическая и прикладная теплотехника, 2.6.1. - Металловедение и термическая обработка металлов и сплавов, 2.6.14. - Технология силикатных и тугоплавких неметаллических материалов, 2.6.2. - Металлургия черных, 2.6.4. - Обработка металлов давлением, 2.6.5. - Порошковая металлургия и композиционные материалы, 2.6.6. - Нанотехнологии и наноматериалы, 2.6.8. - Технология редких
44, Кафедра архитектуры / Кафедра градостроительства, 1.6.13. - Экономическая, 1.6.15. - Землеустройство, 1.6.2. - Палеонтология и стратиграфия, 2.1.1. - Строительные конструкции, 2.1.10. - Экологическая безопасность строительства и городского хозяйства, 2.1.11. - Теория и история архитектуры, 2.1.12. - Архитектура зданий и сооружений. Творческие концепции архитектурной деятельности, 2.1.13. - Градостроительство, 2.1.14. - Управление жизненным циклом объектов строительства, 2.1.15. - Безопасность объектов строительства, 2.1.16. - Охрана труда в строительстве, 2.1.2. - Основания и фундаменты, 2.1.4. - Водоснабжение, 2.1.5. - Строительные материалы и изделия, 2.1.6. - Гидротехническое строительство, 2.1.7. - Технология и организация строительства, 2.1.8. - Проектирование и строительство дорог, 2.1.9. - Строительная механика, 2.5.18. - Проектирование и конструкция судов, 2.8.7. - Теоретические основы проектирования горно-технических систем, 2.9.1. - Транспортные и транспортно-технологические системы страны, 4.1.6. - Лесоведение, 5.11.1. - Теоретическая теология (по исследовательскому направлению: православие, 5.2.3. - Региональная и отраслевая экономика, 5.2.7. - Государственное и муниципальное управление, 5.4.4. - Социальная структура, 5.4.5. - Политическая социология, 5.4.7. - Социология управления, 5.5.3. - Государственное управление и отраслевые политики, 5.7.7. - Социальная и политическая философия
45, Кафедра химической технологии, 2.6.4. - Обработка металлов давлением, 2.8.4. - Разработка и эксплуатация нефтяных и газовых месторождений, 2.6.13. - Процессы и аппараты химических технологий, 1.4.14. - Кинетика и катализ, 2.6.3. - Литейное производство, 1.4.13. - Радиохимия, 2.6.9. - Технология электрохимических процессов и защита от коррозии, 2.6.10. - Технология органических веществ, 1.3.5. - Физическая электроника, 2.6.15. - Мембраны и мембранная технология, 2.2.1. - Вакуумная и плазменная электроника, 2.6.7. - Технология неорганических веществ, 1.4.9. - Биоорганическая химия, 1.4.4. - Физическая химия, 2.6.12. - Химическая технология топлива и высокоэнергетических веществ, 1.5.6. - Биотехнология, 1.4.7. - Высокомолекулярные соединения, 2.4.9. - Ядерные энергетические установки, 2.2.8. - Методы и приборы контроля и диагностики материалов, 1.1.9. - Механика жидкости, 1.4.3. - Органическая химия, 1.4.8. - Химия элементоорганических соединений, 2.6.11. - Технология и переработка синтетических и природных полимеров и композитов, 1.4.16. - Медицинская химия, 2.6.2. - Металлургия черных, 1.4.1. - Неорганическая химия, 2.2.2. - Электронная компонентная база микро- и наноэлектроники, 2.2.3. - Технология и оборудование для производства материалов и приборов электронной техники, 5.6.6. - История науки и техники, 2.5.9. - Методы и приборы контроля и диагностики материалов, 1.4.10. - Коллоидная химия, 2.6.14. - Технология силикатных и тугоплавких неметаллических материалов, 2.6.1. - Металловедение и термическая обработка металлов и сплавов, 2.6.8. - Технология редких, 3.4.3. - Организация фармацевтического дела, 1.4.15. - Химия твердого тела, 2.6.6. - Нанотехнологии и наноматериалы, 1.4.2. - Аналитическая химия, 2.6.5. - Порошковая металлургия и композиционные материалы, 1.4.6. - Электрохимия, 1.4.12. - Нефтехимия, 1.4.11. - Бионеорганическая химия
46, Кафедра математических методов в экономике, 1.1.5. - Математическая логика, 1.1.6. - Вычислительная математика, 5.7.5. - Логика, 1.5.8. - Математическая биология, 5.9.8. - Теоретическая, 5.2.5. - Мировая экономика, 5.8.2. - Теория и методика обучения и воспитания (по областям и уровням образования), 5.8.5. - Теория и методика спорта, 5.3.5. - Социальная психология, 5.2.3. - Региональная и отраслевая экономика, 1.2.2. - Математическое моделирование, 5.2.4. - Финансы, 5.2.1. - Экономическая теория, 5.2.2. - Математические, 1.1.2. - Дифференциальные уравнения и математическая физика, 1.1.4. - Теория вероятностей и математическая статистика, 5.4.2. - Экономическая социология
47, Кафедра биологии, 5.7.9. - Философия религии и религиоведение, 3.1.23. - Дерматовенерология, 3.3.4. - Токсикология, 1.5.9. - Ботаника, 1.5.8. - Математическая биология, 3.1.3. - Оториноларингология, 5.3.8. - Коррекционная психология и дефектология, 1.1.10. - Биомеханика и биоинженерия, 1.6.5. - Литология, 1.3.21. - Медицинская физика, 3.1.19. - Эндокринология, 1.5.14. - Энтомология, 3.1.14. - Трансплантология и искусственные органы, 3.2.5. - Медицинская психология, 1.5.3. - Молекулярная биология, 1.5.7. - Генетика, 3.2.1. - Гигиена, 3.2.4. - Медицина труда, 1.5.5. - Физиология человека и животных, 1.5.6. - Биотехнология, 3.1.33. - Восстановительная медицина, 3.1.8. - Травматология и ортопедия, 1.5.17. - Паразитология, 1.5.15. - Экология, 3.3.9. - Медицинская информатика, 2.2.12. - Приборы, 3.1.12. - Анестезиология и реаниматология, 3.1.4. - Акушерство и гинекология, 3.1.20. - Кардиология, 3.1.21. - Педиатрия, 3.1.9. - Хирургия, 1.5.4. - Биохимия, 3.1.6. - Онкология, 3.1.30. - Гастроэнтерология и диетология, 3.1.18. - Внутренние болезни, 1.5.18. - Микология, 3.1.29. - Пульмонология, 4.1.4. - Садоводство, 3.1.13. - Урология и андрология, 1.5.2. - Биофизика, 1.5.24. - Нейробиология, 1.4.5. - Хемоинформатика
48, Кафедра химической экологии / Кафедра химии твёрдого тела, 1.1.1. - Вещественный, 1.1.10. - Биомеханика и биоинженерия, 1.1.8. - Механика деформируемого твердого тела, 1.1.9. - Механика жидкости, 1.3.15. - Физика атомных ядер и элементарных частиц, 1.3.16. - Атомная и молекулярная физика, 1.3.17. - Химическая физика, 1.3.20. - Кристаллография, 1.3.21. - Медицинская физика, 1.4.1. - Неорганическая химия, 1.4.10. - Коллоидная химия, 1.4.11. - Бионеорганическая химия, 1.4.12. - Нефтехимия, 1.4.13. - Радиохимия, 1.4.14. - Кинетика и катализ, 1.4.15. - Химия твердого тела, 1.4.16. - Медицинская химия, 1.4.2. - Аналитическая химия, 1.4.3. - Органическая химия, 1.4.4. - Физическая химия, 1.4.6. - Электрохимия, 1.4.7. - Высокомолекулярные соединения, 1.4.8. - Химия элементоорганических соединений, 1.4.9. - Биоорганическая химия, 1.5.15. - Экология, 1.5.18. - Микология, 1.5.2. - Биофизика, 1.5.24. - Нейробиология, 1.5.3. - Молекулярная биология, 1.5.4. - Биохимия, 1.5.5. - Физиология человека и животных, 1.5.6. - Биотехнология, 1.6.18. - Науки об атмосфере и климате, 2.1.10. - Экологическая безопасность строительства и городского хозяйства, 2.10.2. - Экологическая безопасность, 2.2.8. - Методы и приборы контроля и диагностики материалов, 2.5.9. - Методы и приборы контроля и диагностики материалов, 2.6.1. - Металловедение и термическая обработка металлов и сплавов, 2.6.10. - Технология органических веществ, 2.6.11. - Технология и переработка синтетических и природных полимеров и композитов, 2.6.12. - Химическая технология топлива и высокоэнергетических веществ, 2.6.13. - Процессы и аппараты химических технологий, 2.6.15. - Мембраны и мембранная технология, 2.6.2. - Металлургия черных, 2.6.3. - Литейное производство, 2.6.4. - Обработка металлов давлением, 2.6.7. - Технология неорганических веществ, 2.6.8. - Технология редких, 2.6.9. - Технология электрохимических процессов и защита от коррозии, 2.8.9. - Обогащение полезных ископаемых, 3.1.12. - Анестезиология и реаниматология, 3.1.14. - Трансплантология и искусственные органы, 3.1.15. - Сердечно-сосудистая хирургия, 3.1.23. - Дерматовенерология, 3.1.3. - Оториноларингология, 3.1.30. - Гастроэнтерология и диетология, 3.1.33. - Восстановительная медицина, 3.1.35. - Военно-полевая терапия, 3.1.8. - Травматология и ортопедия, 3.1.9. - Хирургия, 3.2.4. - Медицина труда, 3.3.4. - Токсикология, 3.3.6. - Фармакология, 3.3.7. - Авиационная, 4.1.3. - Агрохимия, 5.8.4. - Физическая культура и профессиональная физическая подготовка
49, Кафедра Педагогика / Кафедра История, 1.5.14. - Энтомология, 1.5.17. - Паразитология, 1.5.9. - Ботаника, 1.6.13. - Экономическая, 1.6.14. - Геоморфология и палеогеография, 1.6.2. - Палеонтология и стратиграфия, 1.6.22. - Геодезия, 1.6.5. - Литология, 1.6.6. - Гидрогеология, 2.1.11. - Теория и история архитектуры, 3.1.20. - Кардиология, 3.1.21. - Педиатрия, 3.1.29. - Пульмонология, 3.1.30. - Гастроэнтерология и диетология, 3.1.8. - Травматология и ортопедия, 3.2.5. - Медицинская психология, 3.3.1. - Анатомия и антропология, 3.3.5. - Судебная медицина, 4.1.1. - Общее земледелие и растениеводство, 5.1.1. - Теоретико-исторические правовые науки, 5.1.2. - Публично-правовые (государственно-правовые) науки, 5.1.4. - Уголовно-правовые науки, 5.10.4. - Библиотековедение, 5.11.1. - Теоретическая теология (по исследовательскому направлению: православие, 5.12.1. - Междисциплинарные исследования когнитивных процессов, 5.2.5. - Мировая экономика, 5.2.6. - Менеджмент, 5.2.7. - Государственное и муниципальное управление, 5.3.4. - Педагогическая психология, 5.3.5. - Социальная психология, 5.3.8. - Коррекционная психология и дефектология, 5.4.1. - Теория, 5.4.2. - Экономическая социология, 5.4.4. - Социальная структура, 5.4.5. - Политическая социология, 5.4.7. - Социология управления, 5.5.3. - Государственное управление и отраслевые политики, 5.6.1. - Отечественная история, 5.6.2. - Всеобщая история, 5.6.6. - История науки и техники, 5.6.7. - История международных отношений и внешней политики, 5.6.8. - Документалистика, 5.7.1. - Онтология и теория познания, 5.7.2. - История философии, 5.7.4. - Этика, 5.7.7. - Социальная и политическая философия, 5.7.9. - Философия религии и религиоведение, 5.8.1. - Общая педагогика, 5.8.2. - Теория и методика обучения и воспитания (по областям и уровням образования), 5.8.3. - Коррекционная педагогика, 5.8.4. - Физическая культура и профессиональная физическая подготовка, 5.8.5. - Теория и методика спорта, 5.8.7. - Методология и технология профессионального образования, 5.9.5. - Русский язык. Языки народов России, 5.9.8. - Теоретическая
